2;42
3;27
4;21
5;28
6;33
7;27
8;29
9;36
10;50
11;49
12;49
13;55
14;52
15;54
16;51
17;60
18;71
19;71
20;76
21;85
22;89
23;173
24;101
25;93
26;95
27;89
28;170
29;100
30;97
31;85
32;92
33;100
34;93
35;98
36;100
37;103
38;108
39;117
40;121
41;125
42;123
43;131
44;121
45;122
46;119
47;864
48;113
49;112
50;125
51;114
52;300
53;216
54;136
55;151
56;127
57;128
58;131
59;128
60;132
61;143
62;138
63;673
64;131
65;126
66;130
67;134
68;129
69;130
70;135
71;153
72;315
73;144
74;147
75;144
76;214
77;151
78;1801
79;146
80;130
81;149
82;135
83;736
84;139
85;141
86;1053
87;824
88;151
89;135
90;410
91;304
92;145
93;1806
94;146
95;3350
96;127
97;2716
98;270
99;771
100;134
101;4792
102;132
103;1925
104;1422
105;1473
106;1835
107;120
108;1393
109;2307
110;4782
111;127
112;139
113;322
114;747
115;929
116;131
117;368
118;125
119;729
120;245
121;306
122;272
123;672
124;652
125;977
126;1257
127;383
128;216
129;145
130;189
131;403
132;218
133;150
134;277
135;198
136;1332
137;826
138;826
139;150
140;151
141;247
142;153
143;156
144;587
145;795
146;178
147;431
148;255
149;1277
150;402
151;176
152;178
153;181
154;175
155;188
156;177
157;172
158;195
159;815
160;171
161;253
162;178
163;176
164;176
165;179
166;197
167;340
168;184
169;188
170;200
171;203
172;203
173;191
174;184
175;208
176;744
177;201
178;196
179;193
180;217
181;228
182;210
183;213
184;582
185;232
186;273
187;666
188;207
189;211
190;225
191;1223
192;903
193;871
194;1426
195;1218
196;607
197;3384
198;3751
199;2706
200;1591
201;231
202;1768
203;5990
204;10511
205;231
206;1029
207;1458
208;333
209;242
210;754
211;537
212;2588
213;365
214;922
215;226
216;449
217;409
218;344
219;611
220;305
221;235
222;289
223;324
224;344
225;788
226;253
227;270
228;244
229;243
230;266
231;854
232;268
233;256
234;322
235;248
236;281
237;799
238;277
239;285
240;293
241;292
242;280
243;797
244;278
245;264
246;299
247;4065
248;1152
249;1955
250;298
251;5770
252;1792
253;351
254;299
255;275
256;370
257;511
258;1577
259;444
260;269
261;723
262;293
263;639
264;315
265;279
266;685
267;325
268;363
269;290
270;291
271;678
272;287
273;429
274;410
275;335
276;703
277;288
278;295
279;317
280;320
281;307
282;337
283;339
284;338
285;8450
286;4075
287;5070
288;452
289;331
290;351
291;324
292;592
293;1085
294;357
295;6575
296;341
297;10014
298;7039
299;562
300;344
301;325
302;362
303;553
304;935
305;484
306;499
307;715
308;966
309;345
310;635
311;658
312;374
313;379
314;517
315;1058
316;422
317;371
318;358
319;660
320;361
321;1306
322;574
323;479
324;406
325;390
326;376
327;736
328;389
329;371
330;378
331;965
332;393
333;4005
334;396
335;392
336;1829
337;3226
338;410
339;810
340;933
341;440
342;382
343;487
344;386
345;1650
346;585
347;616
348;704
349;399
350;2445
351;403
352;371
353;583
354;431
355;395
356;381
357;791
358;384
359;396
360;5598
361;419
362;431
363;430
364;425
365;427
366;2184
367;432
368;406
369;713
370;431
371;431
372;12919
373;5542
374;428
375;446
376;449
377;712
378;397
379;452
380;544
381;1798
382;470
383;397
384;976
385;515
386;572
387;446
388;447
389;566
390;461
391;1242
392;482
393;466
394;465
395;855
396;432
397;479
398;6702
399;415
400;13015
401;13903
402;505
403;496
404;541
405;2103
406;581
407;457
408;526
409;485
410;481
411;933
412;504
413;498
414;444
415;545
416;457
417;484
418;1001
419;513
420;508
421;557
422;976
423;441
424;6683
425;6961
426;3121
427;463
428;464
429;622
430;2123
431;510
432;660
433;736
434;830
435;520
436;502
437;843
438;486
439;638
440;911
441;448
442;1826
443;1996
444;976
445;1365
446;648
447;1642
448;816
449;1261
450;1372
451;806
452;999
453;515
454;1519
455;11273
456;2249
457;1520
458;936
459;4332
460;1998
461;991
462;710
463;929
464;632
465;2844
466;725
467;2452
468;639
469;552
470;564
471;502
472;1064
473;1319
474;562
475;556
476;975
477;799
478;552
479;2526
480;1451
481;694
482;2331
483;984
484;955
485;1577
486;615
487;1696
488;909
489;689
490;906
491;603
492;570
493;3148
494;1266
495;22310
496;781
497;1017
498;1330
499;755
500;1267
501;519
502;602
503;1479
504;585
505;592
506;813
507;769
508;601
509;686
510;610
511;3735
512;13057
513;625
514;540
515;581
516;2330
517;1470
518;837
519;628
520;790
521;649
522;1286
523;611
524;712
525;989
526;609
527;635
528;1188
529;631
530;1943
531;669
532;1789
533;627
534;1214
535;1317
536;681
537;2305
538;1676
539;2218
540;624
541;1706
542;644
543;2398
544;9112
545;1763
546;2655
547;1600
548;1075
549;637
550;627
551;784
552;1369
553;999
554;1810
555;842
556;598
557;761
558;576
559;1385
560;647
561;649
562;970
563;1051
564;2817
565;670
566;3429
567;6351
568;2809
569;3327
570;676
571;871
572;1320
573;3945
574;2463
575;675
576;1034
577;814
578;657
579;1277
580;668
581;1174
582;725
583;678
584;693
585;720
586;9701
587;1309
588;710
589;6444
590;10964
591;697
592;699
593;2546
594;1213
595;1294
596;734
597;719
598;689
599;1270
600;726
601;863
602;910
603;673
604;1205
605;708
606;640
607;2596
608;2125
609;1201
610;4003
611;5672
612;3233
613;1032
614;916
615;628
616;1183
617;1104
618;954
619;643
620;746
621;653
622;1702
623;4036
624;2757
625;2424
626;2082
627;656
628;4008
629;968
630;733
631;656
632;2476
633;5325
634;1719
635;3284
636;2971
637;3780
638;1858
639;2367
640;764
641;720
642;2785
643;1411
644;1431
645;750
646;814
647;744
648;977
649;764
650;785
651;768
652;694
653;1115
654;753
655;5254
656;8968
657;3317
658;966
659;699
660;3661
661;772
662;1286
663;776
664;1060
665;9002
666;23537
667;16201
668;2468
669;2471
670;2884
671;14427
672;3743
673;16229
674;11351
675;14611
676;13079
677;894
678;851
679;2454
680;1122
681;2122
682;1523
683;5195
684;5387
685;3283
686;5316
687;3418
688;1361
689;1250
690;6835
691;1413
692;1310
693;1705
694;1899
695;799
696;2270
697;1146
698;1253
699;1356
700;1317
701;1324
702;1151
703;837
704;950
705;1659
706;8853
707;11148
708;11029
709;852
710;4133
711;740
712;740
713;1033
714;1083
715;753
716;1324
717;808
718;1477
719;866
720;1463
721;834
722;845
723;9434
724;754
725;6645
726;1090
727;779
728;3483
729;1066
730;936
731;859
732;1208
733;3350
734;5993
735;2952
736;1237
737;1102
738;829
739;28368
740;869
741;2626
742;835
743;1452
744;805
745;1238
746;787
747;1555
748;856
749;1504
750;922
751;1511
752;3679
753;10862
754;4699
755;911
756;772
757;3768
758;1697
759;5511
760;14728
761;1179
762;956
763;1412
764;875
765;2297
766;1829
767;889
768;10630
769;7479
770;1163
771;901
772;2655
773;1026
774;2111
775;1055
776;1254
777;1394
778;825
779;1379
780;913
781;1509
782;937
783;11371
784;3283
785;5463
786;1014
787;26868
788;899
789;1088
790;2767
791;3504
792;898
793;1150
794;940
795;940
796;1755
797;927
798;5050
799;14236
800;888
801;1211
802;3797
803;2638
804;911
805;1085
806;959
807;1607
808;969
809;1326
810;1935
811;5510
812;15074
813;11847
814;4010
815;2219
816;2613
817;2426
818;1160
819;1089
820;928
821;1158
822;1481
823;950
824;853
825;942
826;1560
827;1037
828;3202
829;1948
830;3750
831;2369
832;2094
833;5148
834;1019
835;1075
836;1599
837;8629
838;8540
839;1032
840;1753
841;3689
842;984
843;1070
844;1476
845;1099
846;2100
847;1258
848;1670
849;1432
850;1458
851;871
852;2306
853;1003
854;2639
855;1345
856;1567
857;2324
858;1402
859;1129
860;1473
861;991
862;2337
863;17323
864;11178
865;2448
866;1306
867;1001
868;7709
869;1132
870;1009
871;1443
872;1017
873;1605
874;1057
875;1559
876;3679
877;4480
878;1546
879;4371
880;5154
881;1655
882;1028
883;3237
884;1768
885;1070
886;4647
887;3122
888;3256
889;2404
890;3382
891;1661
892;1088
893;1592
894;3433
895;1029
896;1034
897;979
898;1775
899;5382
900;3721
901;5942
902;3857
903;3003
904;1560
905;4189
906;2136
907;1111
908;1551
909;1056
910;1571
911;1065
912;1736
913;1075
914;30210
915;5188
916;1045
917;9467
918;1942
919;989
920;1904
921;1322
922;2615
923;1052
924;1888
925;1132
926;1008
927;5542
928;961
929;17094
930;1717
931;1118
932;962
933;4901
934;3071
935;1551
936;2465
937;1411
938;3070
939;1807
940;1194
941;2031
942;1094
943;2985
944;2684
945;10609
946;1639
947;5415
948;1113
949;1527
950;1003
951;1306
952;1129
953;1811
954;1305
955;8465
956;34820
957;2410
958;2032
959;1116
960;1107
961;1351
962;1758
963;1666
964;1084
965;6390
966;6221
967;1165
968;2184
969;1893
970;1323
971;998
972;1752
973;8730
974;12961
975;1601
976;3849
977;7585
978;14387
979;1194
980;2232
981;1537
982;1099
983;1810
984;1097
985;1686
986;1326
987;1293
988;1160
989;13513
990;1173
991;1562
992;3139
993;1055
994;17191
995;1827
996;1445
997;1395
998;3790
999;1476
1000;1234
1001;18726
1002;1042
1003;2907
1004;3329
1005;1160
1006;1168
1007;1593
1008;1334
1009;1170
1010;1466
1011;10675
1012;10330
1013;30834
1014;6294
1015;1388
1016;1102
1017;1210
1018;1200
1019;1514
1020;1096
1021;1083
1022;17734
1023;1092
1024;8099
1025;1231
1026;2302
1027;1580
1028;1066
1029;2106
1030;1168
1031;1597
1032;11309
1033;1535
1034;2483
1035;1781
1036;1321
1037;1968
1038;1458
1039;1545
1040;1195
1041;1123
1042;1893
1043;1434
1044;1199
1045;1284
1046;1209
1047;1620
1048;61769
1049;1971
1050;2296
1051;2035
1052;1872
1053;1373
1054;4021
1055;1803
1056;20064
1057;1220
1058;2956
1059;2359
1060;1170
1061;2055
1062;26074
1063;1754
1064;3232
1065;1702
1066;2404
1067;2135
1068;20081
1069;1191
1070;4221
1071;1238
1072;1268
1073;1838
1074;1334
1075;1154
1076;1574
1077;6863
1078;1333
1079;4622
1080;17753
1081;13397
1082;1216
1083;1277
1084;3138
1085;2207
1086;1283
1087;1333
1088;1446
1089;6360
1090;3718
1091;10499
1092;1373
1093;1146
1094;2749
1095;1659
1096;1454
1097;1120
1098;1161
1099;1497
1100;8635
1101;1748
1102;2134
1103;1186
1104;2350
1105;5734
1106;15398
1107;2009
1108;4020
1109;1625
1110;1454
1111;1259
1112;1936
1113;1384
1114;1308
1115;1140
1116;5419
1117;1277
1118;5501
1119;7930
1120;7352
1121;15054
1122;3027
1123;1309
1124;4044
1125;1249
1126;1331
1127;2074
1128;1280
1129;3325
1130;1893
1131;17416
1132;1316
1133;5301
1134;2296
1135;1390
1136;1556
1137;1709
1138;16725
1139;1514
1140;4172
1141;1444
1142;4228
1143;8334
1144;1788
1145;4205
1146;1520
1147;1335
1148;1382
1149;1334
1150;1413
1151;1447
1152;1738
1153;2105
1154;20761
1155;12020
1156;1189
1157;8503
1158;1695
1159;1325
1160;1506
1161;1365
1162;1217
1163;2626
1164;5056
1165;1742
1166;2820
1167;3194
1168;6015
1169;1368
1170;17867
1171;2480
1172;3427
1173;2978
1174;1672
1175;1433
1176;1198
1177;9120
1178;1267
1179;1285
1180;4142
1181;1792
1182;1283
1183;1332
1184;1831
1185;1507
1186;2782
1187;5490
1188;6387
1189;12641
1190;10745
1191;1401
1192;3189
1193;1559
1194;1418
1195;1475
1196;1467
1197;4146
1198;2549
1199;3230
1200;3707
1201;2084
1202;1986
1203;1382
1204;1921
1205;22892
1206;1580
1207;2311
1208;1744
1209;1417
1210;1500
1211;24074
1212;1377
1213;4379
1214;2239
1215;1810
1216;1385
1217;1432
1218;1522
1219;11711
1220;1867
1221;28315
1222;1447
1223;1730
1224;3035
1225;2474
1226;1755
1227;1705
1228;1413
1229;10446
1230;6552
1231;1297
1232;3718
1233;1658
1234;1685
1235;1370
1236;1511
1237;3102
1238;39916
1239;1862
1240;3360
1241;3141
1242;1453
1243;2536
1244;2953
1245;1436
1246;1784
1247;1425
1248;1646
1249;1456
1250;1458
1251;4706
1252;7889
1253;5361
1254;26048
1255;1294
1256;4111
1257;1903
1258;1355
1259;1452
1260;23708
1261;4902
1262;1472
1263;1748
1264;2168
1265;1466
1266;1476
1267;1383
1268;1726
1269;4106
1270;17511
1271;8984
1272;3946
1273;1801
1274;3658
1275;1791
1276;1927
1277;1499
1278;1490
1279;2921
1280;2381
1281;11849
1282;6008
1283;1540
1284;2276
1285;2210
1286;1897
1287;1720
1288;1570
1289;2415
1290;12731
1291;20093
1292;6438
1293;1678
1294;2780
1295;1823
1296;1499
1297;1756
1298;8713
1299;1695
1300;4978
1301;2473
1302;2305
1303;2314
1304;3203
1305;1613
1306;9292
1307;3476
1308;2980
1309;1742
1310;3352
1311;2048
1312;7520
1313;5266
1314;1798
1315;2700
1316;1998
1317;1976
1318;2286
1319;2270
1320;2304
1321;2065
1322;1967
1323;37918
1324;12230
1325;1875
1326;1531
1327;1446
1328;2642
1329;1932
1330;1966
1331;5188
1332;1376
1333;7652
1334;3143
1335;1549
1336;1376
1337;18186
1338;1351
1339;1878
1340;1557
1341;9442
1342;1534
1343;1747
1344;2294
1345;1984
1346;2039
1347;1958
1348;1546
1349;10755
1350;5051
1351;26625
1352;2472
1353;2237
1354;1961
1355;1390
1356;1684
1357;14618
1358;1535
1359;4771
1360;2053
1361;2057
1362;2084
1363;1622
1364;1632
1365;19996
1366;15253
1367;7744
1368;2739
1369;1974
1370;2223
1371;2114
1372;2020
1373;1808
1374;3775
1375;2629
1376;2818
1377;6994
1378;3206
1379;2995
1380;6067
1381;4246
1382;3318
1383;2089
1384;2003
1385;2822
1386;14500
1387;7138
1388;2096
1389;4878
1390;1654
1391;8126
1392;1955
1393;11268
1394;11061
1395;2064
1396;4068
1397;1597
1398;1630
1399;1449
1400;2079
1401;20695
1402;1431
1403;5062
1404;1553
1405;8104
1406;5003
1407;2100
1408;3114
1409;4052
1410;2859
1411;5064
1412;2920
1413;3810
1414;3180
1415;3748
1416;3954
1417;2793
1418;1867
1419;1929
1420;1485
1421;7030
1422;2873
1423;6490
1424;1740
1425;10670
1426;11954
1427;2058
1428;1687
1429;2526
1430;2429
1431;2065
1432;2010
1433;1667
1434;10944
1435;8192
1436;2064
1437;4881
1438;1582
1439;2087
1440;2332
1441;11439
1442;2617
1443;7975
1444;2438
1445;1726
1446;2140
1447;2103
1448;2539
1449;34109
1450;2314
1451;4656
1452;1771
1453;2301
1454;2414
1455;2134
1456;2169
1457;13449
1458;1756
1459;3262
1460;1933
1461;23026
1462;1821
1463;2060
1464;4234
1465;17436
1466;4055
1467;4555
1468;1778
1469;2231
1470;1983
1471;2260
1472;2537
1473;13442
1474;5725
1475;15304
1476;2103
1477;4815
1478;1800
1479;2694
1480;16945
1481;1923
1482;2735
1483;2684
1484;2097
1485;2346
1486;2158
1487;4714
1488;31124
1489;5418
1490;2167
1491;2197
1492;2035
1493;2327
1494;2804
1495;15402
1496;1769
1497;4863
1498;1606
1499;2279
1500;21319
1501;1727
1502;23678
1503;4496
1504;2341
1505;1714
1506;2158
1507;2481
1508;1963
1509;21813
1510;1958
1511;4390
1512;8651
1513;3557
1514;4737
1515;3610
1516;2554
1517;4987
1518;2439
1519;4572
1520;8075
1521;6145
1522;1864
1523;7776
1524;2159
1525;2684
1526;2005
1527;2174
1528;44140
1529;2801
1530;2168
1531;2227
1532;2207
1533;2182
1534;24053
1535;5257
1536;1983
1537;3044
1538;2614
1539;2108
1540;4431
1541;14693
1542;17203
1543;5895
1544;2318
1545;2405
1546;2294
1547;2148
1548;2176
1549;2122
1550;7650
1551;3314
1552;7693
1553;1789
1554;1827
1555;26862
1556;4229
1557;2363
1558;9421
1559;7896
1560;3972
1561;3869
1562;1627
1563;2656
1564;7246
1565;13440
1566;2076
1567;26730
1568;2988
1569;4005
1570;1711
1571;2665
1572;2012
1573;13737
1574;6334
1575;6531
1576;2229
1577;2370
1578;2347
1579;2308
1580;4827
1581;33127
1582;3939
1583;5300
1584;3030
1585;2135
1586;2682
1587;2350
1588;3039
1589;8455
1590;10125
1591;3376
1592;2369
1593;16898
1594;2455
1595;5247
1596;2094
1597;23497
1598;4684
1599;1889
1600;1845
1601;2020
1602;2315
1603;4857
1604;9326
1605;3315
1606;3129
1607;3223
1608;11992
1609;4623
1610;2697
1611;3188
1612;3052
1613;2034
1614;5859
1615;5028
1616;3943
1617;4985
1618;1931
1619;4689
1620;1851
1621;2381
1622;21628
1623;2538
1624;3230
1625;2798
1626;25264
1627;1658
1628;5044
1629;1684
1630;2539
1631;1823
1632;24900
1633;3628
1634;9646
1635;7442
1636;2255
1637;6035
1638;2235
1639;18149
1640;3348
1641;5936
1642;2234
1643;2442
1644;2533
1645;2323
1646;3417
1647;31548
1648;2278
1649;4379
1650;2156
1651;2371
1652;2583
1653;2550
1654;4146
1655;5488
1656;15854
1657;5913
1658;1700
1659;2206
1660;3152
1661;7668
1662;5209
1663;20780
1664;3076
1665;3717
1666;3683
1667;1830
1668;2745
1669;4390
1670;3230
1671;2458
1672;7244
1673;12917
1674;4568
1675;3015
1676;2793
1677;11502
1678;2321
1679;6256
1680;3990
1681;2212
1682;5113
1683;2583
1684;2227
1685;8918
1686;3872
1687;8677
1688;7198
1689;5791
1690;7157
1691;4959
1692;2385
1693;2542
1694;2929
1695;3526
1696;2889
1697;9696
1698;2378
1699;2987
1700;3283
1701;3546
1702;2240
1703;3973
1704;3127
1705;4751
1706;22080
1707;9380
1708;1972
1709;4338
1710;2057
1711;2342
1712;2613
1713;2033
1714;4225
1715;8124
1716;8086
1717;14041
1718;3891
1719;3110
1720;2391
1721;4372
1722;2264
1723;2501
1724;3042
1725;6406
1726;11408
1727;2133
1728;5049
1729;2059
1730;2850
1731;2813
1732;13535
1733;3287
1734;5128
1735;2667
1736;2332
1737;2600
1738;2150
1739;5005
1740;5614
1741;1991
1742;3774
1743;11398
1744;3861
1745;2786
1746;2865
1747;2780
1748;10643
1749;9344
1750;2314
1751;5060
1752;2883
1753;2660
1754;2522
1755;1997
1756;37123
1757;11935
1758;2245
1759;2536
1760;2697
1761;10042
1762;5793
1763;5488
1764;2276
1765;2525
1766;18480
1767;6318
1768;8038
1769;3071
1770;1880
1771;2652
1772;2732
1773;8639
1774;3055
1775;8026
1776;17881
1777;6326
1778;2339
1779;5328
1780;2286
1781;2684
1782;2620
1783;18615
1784;6909
1785;4186
1786;2655
1787;2549
1788;2684
1789;3829
1790;21360
1791;2380
1792;3778
1793;2294
1794;2805
1795;1956
1796;2866
1797;8438
1798;4332
1799;6177
1800;3922
1801;8978
1802;3385
1803;6333
1804;2498
1805;4517
1806;6892
1807;5306
1808;6141
1809;1955
1810;5182
1811;2698
1812;2646
1813;10142
1814;14126
1815;1876
1816;4695
1817;2085
1818;2841
1819;2278
1820;3837
1821;3867
1822;5552
1823;13371
1824;6341
1825;2163
1826;11292
1827;2009
1828;2573
1829;2339
1830;3050
1831;4339
1832;6188
1833;1870
1834;2486
1835;26881
1836;2884
1837;3049
1838;2598
1839;19456
1840;2389
1841;6103
1842;2091
1843;2578
1844;25032
1845;1979
1846;26050
1847;5264
1848;3016
1849;2590
1850;2640
1851;2221
1852;3477
1853;11847
1854;7413
1855;2295
1856;9502
1857;5417
1858;2353
1859;2820
1860;9971
1861;6689
1862;7420
1863;2859
1864;2289
1865;6880
1866;38747
1867;2330
1868;3039
1869;2453
1870;2173
1871;1931
1872;3812
1873;6255
1874;20876
1875;2743
1876;4071
1877;2830
1878;3042
1879;19864
1880;2351
1881;3800
1882;2207
1883;2222
1884;6708
1885;6866
1886;3139
1887;2727
1888;2934
1889;3765
1890;2433
1891;13244
1892;2344
1893;4916
1894;2907
1895;15433
1896;4831
1897;2120
1898;19111
1899;3252
1900;3210
1901;2048
1902;3364
1903;2104
1904;6900
1905;19144
1906;23974
1907;3624
1908;2506
1909;2363
1910;2529
1911;21885
1912;7727
1913;2564
1914;2808
1915;2527
1916;40578
1917;3873
1918;5420
1919;2018
1920;2863
1921;2775
1922;2674
1923;13145
1924;2122
1925;2222
1926;11551
1927;2319
1928;2177
1929;8878
1930;3299
1931;4987
1932;2301
1933;2632
1934;3142
1935;2722
1936;21303
1937;27748
1938;4808
1939;2045
1940;2505
1941;6809
1942;5613
1943;3671
1944;3188
1945;2091
1946;2637
1947;11233
1948;21200
1949;3974
1950;10335
1951;2227
1952;2822
1953;2611
1954;9806
1955;9713
1956;2887
1957;3494
1958;2271
1959;2874
1960;24289
1961;2951
1962;22262
1963;2757
1964;2864
1965;4895
1966;2447
1967;2763
1968;7778
1969;14229
1970;5705
1971;2251
1972;8651
1973;8167
1974;4148
1975;2419
1976;2340
1977;2488
1978;6886
1979;8483
1980;6639
1981;2597
1982;2657
1983;22270
1984;13851
1985;15567
1986;5416
1987;2054
1988;2313
1989;2206
1990;7622
1991;4167
1992;5925
1993;2933
1994;7200
1995;7340
1996;4592
1997;3935
1998;4342
1999;2113
2000;7464
2001;9245
2002;3273
2003;4877
2004;2546
2005;3508
2006;2341
2007;20543
2008;18365
2009;3292
2010;5865
2011;2168
2012;2614
2013;3354
2014;19536
2015;2389
2016;5853
2017;16426
2018;2128
2019;6876
2020;28142
2021;5266
2022;2409
2023;2401
2024;2799
2025;25882
2026;12603
2027;3377
2028;4568
2029;2526
2030;2866
2031;7366
2032;4267
2033;11340
2034;4818
2035;2697
2036;2259
2037;3056
2038;33424
2039;10509
2040;2376
2041;2440
2042;2125
2043;5358
2044;16491
2045;6959
2046;2623
2047;13384
2048;2354
2049;6973
2050;11672
2051;4029
2052;2296
2053;2583
2054;2474
2055;11958
2056;5649
2057;7870
2058;9123
2059;4551
2060;4376
2061;3891
2062;6543
2063;6486
2064;10614
2065;4616
2066;2826
2067;2589
2068;2927
2069;36219
2070;2953
2071;2604
2072;2590
2073;2921
2074;16006
2075;8070
2076;2559
2077;3054
2078;23849
2079;6105
2080;7945
2081;18179
2082;2413
2083;2810
2084;3160
2085;2376
2086;17440
2087;14249
2088;2580
2089;5889
2090;2444
2091;2839
2092;4808
2093;3640
2094;5255
2095;3191
2096;2697
2097;8856
2098;9856
2099;4461
2100;12719
2101;3551
2102;5226
2103;3782
2104;5644
2105;2456
2106;2145
2107;3297
2108;50643
2109;7992
2110;2629
2111;2845
2112;2613
2113;2747
2114;16813
2115;2877
2116;2963
2117;13896
2118;27869
2119;5626
2120;2583
2121;2245
2122;3197
2123;2470
2124;4501
2125;4508
2126;4226
2127;19799
2128;6986
2129;2262
2130;3908
2131;2431
2132;4348
2133;4876
2134;3616
2135;3362
2136;7875
2137;2518
2138;49288
2139;6997
2140;2574
2141;2480
2142;2384
2143;9377
2144;14564
2145;7759
2146;9707
2147;4964
2148;2587
2149;25449
2150;7595
2151;2464
2152;2250
2153;4076
2154;8983
2155;4275
2156;2703
2157;11157
2158;3665
2159;3945
2160;8482
2161;8637
2162;12070
2163;2864
2164;4109
2165;2303
2166;3360
2167;33804
2168;5088
2169;2960
2170;2731
2171;2795
2172;23504
2173;2947
2174;2685
2175;25513
2176;5853
2177;14749
2178;2496
2179;5838
2180;2444
2181;3190
2182;2270
2183;37817
2184;11632
2185;3456
2186;3876
2187;10160
2188;4951
2189;8011
2190;2741
2191;2574
2192;5625
2193;18966
2194;13756
2195;9348
2196;2441
2197;2929
2198;2407
2199;8781
2200;4070
2201;2527
2202;25123
2203;4461
2204;2488
2205;20847
2206;6940
2207;2680
2208;3435
2209;49209
2210;5170
2211;2982
2212;3232
2213;2660
2214;2677
2215;23977
2216;4587
2217;2692
2218;2382
2219;2272
2220;29948
2221;9764
2222;2875
2223;11376
2224;5492
2225;29582
2226;5151
2227;3010
2228;3555
2229;20990
2230;2838
2231;2909
2232;2487
2233;43168
2234;9148
2235;3205
2236;2480
2237;2849
2238;9821
2239;5872
2240;2683
2241;22316
2242;21282
2243;2587
2244;8003
2245;2776
2246;2528
2247;10171
2248;4214
2249;23099
2250;2982
2251;5056
2252;2793
2253;4526
2254;9563
2255;8119
2256;2878
2257;3187
2258;23098
2259;2970
2260;2361
2261;2356
2262;29284
2263;13305
2264;2675
2265;8275
2266;4825
2267;5230
2268;2714
2269;46646
2270;2464
2271;2421
2272;10354
2273;17979
2274;3657
2275;3183
2276;2879
2277;3160
2278;10583
2279;9204
2280;4663
2281;3524
2282;4612
2283;6550
2284;6647
2285;2559
2286;14466
2287;9292
2288;3439
2289;4211
2290;2498
2291;6468
2292;17975
2293;7550
2294;12883
2295;5262
2296;2971
2297;2795
2298;6392
2299;5999
2300;5334
2301;2621
2302;2875
2303;27301
2304;15227
2305;2361
2306;3003
2307;2527
2308;3002
2309;8717
2310;2531
2311;9327
2312;27055
2313;7908
2314;2680
2315;2573
2316;18325
2317;3581
2318;8634
2319;2967
2320;2741
2321;8262
2322;21081
2323;12070
2324;2520
2325;3825
2326;2694
2327;3121
2328;2471
2329;14532
2330;3200
2331;2868
2332;26765
2333;8783
2334;2600
2335;2625
2336;25647
2337;3671
2338;3361
2339;2887
2340;3085
2341;34888
2342;10415
2343;2897
2344;2824
2345;2711
2346;8140
2347;8261
2348;4966
2349;28468
2350;4690
2351;3024
2352;2782
2353;12200
2354;4544
2355;3650
2356;3627
2357;3119
2358;16624
2359;3859
2360;2742
2361;2951
2362;27071
2363;6280
2364;2628
2365;2733
2366;3795
2367;4594
2368;5813
2369;14994
2370;4257
2371;32581
2372;4795
2373;6172
2374;12262
2375;20041
2376;2424
2377;4011
2378;23165
2379;7424
2380;3446
2381;24932
2382;3784
2383;13319
2384;5407
2385;3025
2386;2496
2387;33935
2388;8744
2389;2802
2390;2465
2391;23167
2392;5307
2393;2829
2394;2831
2395;8332
2396;3701
2397;3084
2398;3114
2399;3426
2400;2652
2401;28559
2402;9727
2403;13515
2404;7430
2405;2838
2406;20978
2407;2819
2408;4379
2409;3027
2410;2630
2411;19524
2412;6920
2413;3320
2414;3429
2415;2934
2416;17070
2417;7416
2418;11118
2419;6639
2420;3684
2421;11860
2422;7308
2423;2957
2424;3013
2425;2822
2426;2745
2427;8364
2428;12374
2429;9546
2430;4835
2431;2806
2432;16111
2433;3232
2434;3089
2435;3595
2436;30562
2437;9639
2438;9754
2439;2937
2440;2736
2441;22918
2442;6568
2443;2764
2444;3203
2445;2985
2446;8767
2447;2559
2448;5283
2449;2822
2450;39685
2451;9158
2452;3118
2453;4205
2454;23930
2455;5634
2456;3345
2457;2879
2458;3587
2459;11574
2460;8446
2461;3204
2462;5905
2463;4431
2464;2846
2465;2763
2466;2516
2467;41043
2468;8078
2469;3196
2470;3382
2471;3076
2472;21232
2473;7685
2474;2852
2475;10133
2476;11817
2477;10621
2478;3468
2479;5829
2480;3075
2481;2912
2482;5035
2483;7383
2484;22020
2485;12808
2486;7056
2487;3288
2488;2881
2489;4388
2490;2709
2491;6108
2492;26823
2493;3136
2494;3132
2495;18916
2496;5284
2497;2553
2498;3634
2499;26372
2500;26799
2501;2575
2502;2982
2503;3165
2504;6577
2505;9968
2506;3578
2507;15936
2508;6882
2509;3098
2510;4342
2511;23907
2512;5636
2513;3040
2514;2706
2515;11831
2516;11915
2517;26013
2518;4989
2519;2914
2520;2640
2521;11270
2522;4206
2523;6460
2524;6021
2525;3018
2526;10182
2527;2687
2528;12118
2529;7138
2530;8192
2531;3034
2532;2845
2533;15993
2534;30116
2535;9279
2536;3146
2537;10014
2538;7911
2539;2720
2540;3017
2541;9460
2542;16564
2543;5010
2544;2945
2545;19574
2546;8658
2547;2784
2548;3156
2549;3683
2550;4090
2551;4600
2552;2947
2553;7323
2554;12645
2555;4533
2556;3121
2557;15505
2558;4793
2559;2984
2560;15801
2561;4796
2562;4247
2563;2635
2564;2798
2565;28456
2566;12980
2567;3112
2568;2648
2569;22110
2570;3653
2571;4435
2572;15848
2573;3075
2574;3209
2575;19420
2576;3922
2577;2734
2578;3118
2579;26231
2580;4901
2581;3429
2582;3170
2583;3697
2584;16962
2585;9430
2586;14822
2587;7463
2588;2703
2589;15845
2590;7621
2591;5721
2592;2937
2593;12642
2594;9673
2595;5080
2596;2930
2597;3072
2598;3143
2599;11302
2600;29914
2601;4400
2602;3190
2603;2910
2604;10233
2605;13333
2606;3944
2607;2656
2608;20615
2609;5956
2610;3863
2611;21970
2612;7152
2613;2973
2614;2949
2615;20601
2616;28551
2617;4690
2618;3282
2619;12745
2620;3019
2621;4175
2622;3548
2623;19303
2624;2930
2625;22136
2626;3605
2627;4685
2628;3396
2629;2884
2630;4968
2631;7246
2632;14002
2633;10009
2634;3231
2635;5783
2636;6998
2637;5872
2638;9110
2639;5273
2640;3483
2641;4750
2642;7948
2643;15625
2644;3228
2645;3416
2646;3101
2647;4849
2648;4203
2649;20790
2650;7168
2651;3243
2652;3524
2653;22536
2654;4429
2655;5724
2656;2932
2657;3198
2658;46503
2659;3102
2660;3841
2661;3482
2662;22449
2663;7296
2664;3164
2665;11930
2666;20983
2667;3236
2668;2791
2669;3279
2670;10513
2671;5290
2672;23884
2673;7377
2674;13068
2675;3890
2676;4838
2677;3808
2678;3003
2679;36284
2680;10078
2681;3403
2682;3130
2683;4564
2684;3246
2685;21676
2686;20843
2687;7017
2688;3376
2689;10994
2690;5887
2691;3609
2692;2923
2693;3220
2694;3661
2695;24826
2696;13432
2697;4337
2698;2700
2699;3087
2700;9951
2701;8986
2702;2767
2703;3650
2704;24184
2705;27527
2706;5012
2707;3224
2708;3817
2709;19100
2710;4297
2711;3368
2712;7553
2713;13476
2714;4474
2715;3177
2716;4314
2717;8230
2718;3228
2719;3424
2720;4659
2721;5584
2722;8798
2723;30713
2724;3987
2725;3371
2726;20010
2727;15848
2728;11293
2729;3601
2730;3487
2731;3042
2732;9410
2733;5405
2734;5310
2735;25892
2736;5178
2737;30044
2738;6424
2739;2971
2740;4114
2741;27581
2742;6674
2743;3721
2744;3246
2745;3663
2746;12432
2747;5268
2748;12485
2749;3477
2750;28916
2751;6074
2752;3206
2753;3148
2754;11451
2755;10138
2756;3282
2757;3228
2758;14899
2759;9851
2760;6025
2761;16150
2762;28981
2763;7989
2764;4005
2765;3416
2766;19707
2767;5844
2768;9701
2769;26864
2770;7709
2771;3243
2772;2974
2773;25421
2774;3013
2775;25754
2776;7456
2777;3048
2778;17971
2779;4788
2780;3044
2781;3138
2782;27611
2783;4425
2784;11968
2785;3162
2786;3242
2787;8471
2788;10249
2789;3608
2790;26537
2791;4785
2792;3095
2793;3472
2794;12968
2795;3117
2796;3400
2797;26293
2798;4215
2799;3708
2800;3073
2801;25564
2802;8426
2803;3405
2804;14609
2805;5076
2806;20958
2807;4719
2808;3036
2809;3397
2810;15818
2811;13785
2812;10973
2813;4402
2814;17963
2815;9687
2816;3221
2817;27080
2818;3524
2819;3504
2820;3570
2821;8824
2822;5426
2823;3135
2824;19988
2825;3083
2826;4633
2827;13162
2828;3375
2829;7166
2830;3138
2831;5255
2832;4224
2833;28184
2834;7595
2835;3184
2836;3294
2837;10914
2838;4111
2839;3562
2840;22647
2841;23145
2842;3603
2843;3097
2844;3313
2845;21730
2846;5342
2847;10339
2848;8414
2849;7054
2850;3480
2851;11569
2852;9527
2853;4902
2854;3376
2855;3377
2856;31077
2857;20721
2858;6978
2859;3204
2860;20975
2861;3061
2862;5486
2863;9223
2864;3781
2865;15168
2866;5859
2867;6803
2868;5164
2869;3288
2870;47472
2871;5170
2872;3316
2873;3036
2874;25896
2875;8245
2876;13714
2877;7794
2878;19795
2879;3846
2880;8249
2881;3346
2882;5866
2883;18677
2884;3526
2885;11948
2886;14144
2887;2954
2888;3270
2889;4066
2890;15654
2891;7835
2892;3551
2893;3371
2894;39615
2895;6571
2896;3245
2897;3484
2898;11649
2899;8693
2900;3377
2901;11141
2902;4905
2903;10398
2904;10834
2905;3768
2906;10653
2907;3086
2908;6453
2909;3130
2910;13805
2911;3790
2912;4261
2913;7353
2914;8019
2915;23013
2916;5573
2917;4024
2918;3656
2919;12578
2920;6002
2921;13151
2922;3374
2923;4503
2924;15212
2925;7237
2926;4268
2927;3083
2928;7797
2929;31415
2930;10732
2931;3624
2932;3354
2933;10852
2934;8209
2935;7894
2936;17324
2937;7907
2938;3168
2939;6009
2940;7645
2941;3933
2942;3535
2943;3031
2944;13848
2945;3571
2946;27224
2947;3483
2948;3948
2949;17037
2950;28902
2951;5959
2952;3056
2953;6997
2954;10854
2955;8479
2956;6476
2957;3506
2958;24923
2959;3317
2960;3657
2961;5606
2962;23770
2963;7640
2964;3422
2965;3480
2966;20497
2967;3464
2968;13962
2969;6595
2970;3287
2971;13372
2972;5415
2973;7512
2974;3588
2975;3271
2976;11325
2977;37627
2978;3085
2979;3397
2980;25858
2981;4390
2982;3301
2983;21730
2984;6465
2985;3444
2986;3948
2987;18478
2988;6226
2989;17921
2990;9425
2991;3483
2992;5754
2993;5743
2994;4104
2995;12427
2996;3497
2997;3101
2998;8872
2999;11063
3000;5767
3001;7662
3002;7101
3003;3518
3004;14224
3005;8524
3006;3372
3007;5890
3008;3432
3009;3574
3010;10855
3011;8954
3012;20861
3013;4755
3014;5295
3015;3222
3016;3061
3017;23849
3018;7863
3019;3684
3020;5989
3021;8024
3022;8691
3023;5265
3024;3550
3025;4186
3026;5623
3027;3298
3028;39872
3029;3603
3030;4199
3031;20350
3032;7811
3033;3624
3034;18523
3035;9822
3036;3579
3037;4572
3038;17598
3039;3107
3040;3620
3041;3637
3042;8232
3043;4799
3044;3356
3045;4005
3046;9857
3047;5214
3048;4173
3049;3532
3050;4844
3051;9809
3052;10523
3053;3913
3054;3508
3055;15798
3056;8838
3057;3225
3058;11241
3059;3705
3060;8114
3061;3182
3062;3265
3063;31365
3064;8960
3065;4142
3066;3535
3067;4552
3068;13583
3069;7555
3070;30403
3071;4008
3072;8466
3073;8710
3074;3203
3075;19516
3076;20706
3077;4383
3078;5404
3079;3938
3080;3172
3081;14791
3082;18975
3083;8937
3084;6330
3085;3871
3086;12200
3087;3478
3088;3461
3089;36974
3090;3826
3091;4213
3092;15006
3093;8063
3094;20674
3095;5698
3096;9290
3097;10631
3098;5345
3099;3862
3100;3229
3101;27843
3102;6021
3103;3255
3104;3970
3105;7800
3106;3300
3107;15405
3108;8756
3109;3165
3110;3730
3111;24487
3112;8074
3113;19027
3114;8538
3115;3504
3116;3680
3117;4002
3118;3390
3119;7378
3120;3938
3121;5411
3122;17125
3123;4399
3124;6109
3125;13957
3126;7553
3127;21993
3128;14367
3129;4291
3130;3727
3131;15517
3132;3983
3133;3675
3134;21758
3135;6227
3136;19824
3137;9427
3138;3798
3139;3863
3140;14942
3141;4880
3142;4656
3143;9734
3144;4571
3145;6566
3146;6178
3147;3920
3148;4547
3149;3903
3150;5424
3151;31870
3152;5573
3153;4309
3154;3762
3155;9063
3156;3383
3157;3236
3158;4724
3159;5737
3160;4049
3161;4444
3162;17051
3163;12715
3164;4293
3165;5381
3166;3845
3167;3574
3168;13310
3169;10057
3170;8596
3171;9802
3172;4432
3173;28730
3174;8720
3175;4037
3176;3636
3177;20139
3178;19444
3179;4712
3180;3587
3181;3683
3182;6099
3183;10198
3184;5048
3185;11864
3186;26700
3187;7357
3188;3924
3189;3876
3190;4382
3191;10052
3192;10585
3193;6103
3194;3919
3195;3735
3196;22130
3197;21379
3198;4818
3199;30262
3200;7222
3201;3462
3202;6455
3203;22241
3204;3376
3205;3557
3206;8811
3207;5938
3208;3815
3209;18387
3210;14722
3211;4990
3212;3414
3213;3913
3214;15517
3215;4193
3216;3379
3217;5681
3218;10255
3219;7592
3220;3270
3221;13371
3222;3534
3223;29392
3224;3419
3225;3744
3226;4602
3227;17826
3228;15189
3229;3626
3230;4336
3231;4626
3232;25730
3233;3380
3234;15867
3235;5845
3236;14181
3237;14135
3238;3447
3239;51002
3240;9465
3241;4611
3242;8196
3243;22811
3244;5339
3245;21958
3246;31911
3247;5258
3248;3384
3249;11903
3250;10886
3251;4293
3252;19710
3253;10338
3254;3893
3255;3635
3256;47589
3257;3931
3258;3402
3259;17010
3260;5494
3261;3818
3262;46514
3263;4889
3264;3711
3265;4082
3266;11720
3267;10167
3268;20529
3269;7864
3270;3777
3271;9264
3272;7902
3273;5371
3274;3773
3275;8924
3276;15229
3277;17561
3278;8679
3279;3894
3280;3601
3281;15199
3282;20809
3283;10789
3284;5717
3285;3613
3286;6054
3287;6213
3288;8504
3289;24126
3290;5677
3291;3500
3292;4985
3293;4689
3294;5540
3295;8196
3296;4859
3297;15000
3298;10410
3299;3490
3300;4668
3301;5711
3302;48025
3303;3699
3304;4142
3305;6306
3306;5515
3307;21603
3308;31892
3309;5364
3310;3963
3311;13058
3312;4113
3313;8836
3314;23579
3315;9922
3316;5129
3317;3648
3318;21734
3319;10546
3320;3836
3321;4789
3322;6265
3323;10981
3324;26966
3325;3444
3326;3859
3327;9499
3328;3803
3329;25249
3330;3756
3331;29137
3332;4167
3333;3883
3334;45141
3335;4120
3336;3872
3337;10529
3338;9565
3339;6599
3340;13119
3341;6382
3342;14994
3343;14168
3344;9037
3345;4098
3346;7111
3347;15037
3348;3760
3349;3848
3350;4302
3351;3754
3352;6666
3353;22134
3354;4761
3355;26663
3356;8900
3357;6996
3358;18571
3359;4777
3360;28361
3361;4405
3362;6291
3363;3680
3364;4626
3365;33910
3366;4270
3367;4200
3368;9691
3369;9901
3370;8834
3371;20024
3372;9089
3373;7071
3374;4136
3375;4052
3376;20029
3377;5769
3378;19964
3379;29597
3380;7974
3381;4046
3382;4203
3383;40232
3384;7983
3385;4348
3386;3681
3387;4679
3388;12280
3389;5288
3390;14093
3391;5995
3392;4017
3393;4298
3394;4682
3395;29658
3396;8213
3397;4788
3398;8325
3399;4178
3400;4423
3401;44033
3402;7423
3403;3851
3404;11711
3405;12574
3406;4057
3407;21788
3408;23286
3409;9302
3410;4353
3411;3986
3412;13454
3413;24601
3414;4621
3415;5811
3416;15886
3417;6144
3418;5929
3419;3736
3420;5615
3421;6414
3422;4424
3423;19327
3424;4301
3425;22116
3426;7417
3427;15190
3428;6637
3429;3867
3430;18679
3431;20816
3432;5532
3433;4104
3434;4290
3435;6311
3436;15879
3437;28778
3438;7653
3439;11305
3440;4285
3441;5014
3442;4282
3443;6303
3444;7379
3445;28429
3446;21442
3447;6646
3448;10349
3449;14613
3450;5683
3451;4190
3452;39537
3453;9903
3454;5115
3455;3778
3456;15191
3457;11487
3458;7282
3459;5491
3460;14589
3461;5674
3462;4858
3463;4179
3464;37820
3465;10086
3466;4026
3467;4253
3468;15419
3469;5988
3470;9821
3471;29702
3472;4885
3473;4844
3474;10889
3475;10487
3476;14848
3477;7549
3478;23180
3479;8665
3480;4025
3481;18197
3482;4143
3483;4096
3484;26145
3485;8604
3486;4264
3487;9243
3488;31383
3489;7466
3490;4630
3491;4066
3492;18913
3493;4256
3494;3679
3495;23278
3496;4612
3497;27020
3498;5844
3499;6405
3500;4101
3501;26336
3502;6440
3503;12045
3504;4711
3505;9482
3506;6358
3507;5706
3508;4670
3509;33505
3510;8183
3511;8850
3512;4223
3513;4071
3514;22604
3515;16821
3516;8399
3517;15535
3518;10534
3519;4201
3520;3777
3521;29783
3522;8657
3523;4834
3524;7505
3525;4820
3526;26714
3527;31845
3528;7705
3529;3741
3530;17704
3531;10368
3532;20772
3533;5925
3534;15458
3535;4519
3536;4763
3537;7767
3538;12840
3539;3634
3540;9565
3541;4200
3542;3940
3543;46799
3544;5806
3545;4431
3546;11928
3547;14885
3548;4703
3549;20834
3550;8379
3551;5075
3552;17688
3553;7524
3554;8766
3555;4522
3556;5955
3557;12313
3558;4321
3559;9651
3560;9089
3561;13506
3562;12797
3563;4420
3564;4158
3565;22043
3566;14601
3567;4897
3568;18140
3569;10109
3570;4514
3571;4542
3572;31538
3573;12874
3574;4706
3575;24576
3576;4868
3577;25191
3578;5247
3579;4962
3580;3825
3581;19495
3582;21864
3583;8359
3584;11769
3585;16055
3586;5224
3587;4005
3588;49559
3589;4098
3590;3681
3591;5395
3592;14027
3593;9554
3594;14408
3595;4234
3596;10815
3597;19271
3598;5005
3599;4774
3600;22122
3601;9287
3602;4284
3603;5225
3604;29626
3605;7885
3606;13866
3607;9330
3608;4678
3609;29548
3610;7316
3611;3874
3612;25065
3613;4198
3614;5131
3615;4656
3616;15646
3617;15339
3618;4275
3619;4389
3620;14994
3621;6135
3622;34691
3623;9899
3624;8223
3625;5060
3626;10736
3627;30435
3628;5294
3629;11045
3630;4748
3631;6313
3632;4219
3633;36259
3634;14119
3635;4261
3636;28045
3637;8203
3638;4255
3639;25027
3640;7670
3641;4416
3642;21938
3643;4470
3644;5268
3645;19223
3646;11974
3647;4191
3648;47861
3649;4286
3650;3964
3651;102145
3652;10308
3653;6380
3654;32862
3655;10826
3656;4840
3657;5414
3658;12453
3659;4437
3660;11827
3661;28936
3662;5943
3663;4327
3664;4964
3665;11669
3666;35483
3667;3839
3668;15281
3669;5879
3670;27433
3671;31621
3672;7317
3673;4718
3674;6179
3675;4958
3676;13736
3677;12482
3678;5002
3679;4372
3680;14816
3681;6119
3682;17371
3683;8393
3684;5535
3685;10446
3686;7923
3687;8592
3688;24888
3689;17321
3690;6249
3691;5902
3692;13297
3693;8642
3694;4738
3695;14755
3696;5900
3697;4508
3698;26584
3699;5280
3700;4092
3701;18918
3702;4760
3703;9750
3704;11902
3705;30040
3706;9141
3707;4420
3708;4300
3709;11283
3710;4026
3711;12088
3712;12631
3713;5146
3714;5029
3715;27494
3716;6202
3717;4070
3718;14115
3719;21870
3720;10069
3721;7044
3722;4622
3723;5806
3724;4640
3725;5621
3726;5454
3727;19673
3728;10467
3729;4477
3730;4517
3731;43145
3732;5091
3733;4672
3734;5061
3735;4464
3736;46008
3737;5678
3738;4304
3739;11615
3740;6056
3741;9741
3742;12981
3743;4090
3744;19694
3745;5607
3746;7653
3747;10428
3748;20368
3749;8095
3750;6311
3751;4457
3752;25948
3753;8594
3754;12585
3755;5252
3756;9937
3757;8429
3758;8045
3759;40121
3760;8451
3761;4572
3762;4286
3763;14172
3764;8795
3765;20093
3766;8092
3767;21853
3768;5795
3769;4899
3770;4200
3771;18640
3772;12947
3773;6959
3774;6330
3775;14266
3776;8582
3777;6705
3778;4437
3779;9463
3780;10782
3781;15624
3782;5452
3783;25367
3784;3995
3785;4452
3786;13233
3787;4809
3788;9985
3789;7465
3790;20451
3791;22444
3792;9947
3793;4358
3794;4462
3795;19925
3796;4005
3797;4669
3798;19161
3799;7908
3800;21836
3801;30905
3802;7617
3803;4505
3804;6233
3805;16124
3806;4657
3807;22051
3808;5619
3809;4340
3810;43267
3811;6240
3812;4981
3813;22652
3814;7792
3815;26966
3816;11287
3817;12590
3818;4406
3819;7852
3820;4236
3821;44279
3822;7804
3823;5029
3824;30377
3825;6871
3826;4621
3827;36382
3828;4557
3829;4745
3830;27169
3831;6180
3832;6705
3833;19095
3834;4616
3835;5881
3836;7678
3837;9897
3838;4413
3839;23721
3840;8761
3841;4599
3842;4190
3843;5469
3844;26593
3845;9605
3846;24813
3847;7902
3848;11283
3849;8155
3850;5034
3851;6510
3852;4911
3853;4066
3854;21831
3855;4648
3856;23889
3857;18336
3858;5210
3859;4223
3860;49490
3861;4569
3862;4068
3863;8696
3864;11083
3865;20732
3866;4596
3867;9400
3868;6624
3869;8338
3870;10318
3871;24651
3872;5634
3873;4477
3874;40356
3875;9244
3876;4623
3877;4607
3878;13761
3879;6700
3880;13799
3881;10378
3882;10073
3883;16106
3884;8315
3885;4530
3886;11322
3887;29688
3888;4510
3889;5517
3890;10786
3891;13171
3892;5736
3893;26862
3894;8262
3895;14777
3896;4666
3897;4254
3898;8387
3899;5220
3900;30347
3901;4731
3902;4413
3903;37875
3904;4591
3905;4555
3906;14349
3907;5770
3908;3986
3909;21284
3910;9530
3911;4445
3912;10462
3913;24315
3914;4709
3915;11382
3916;82696
3917;37669
3918;25396
3919;24146
3920;6559
3921;83011
3922;14975
3923;5193
3924;47799
3925;4298
3926;82943
3927;4224
3928;11028
3929;17056
3930;4632
3931;5343
3932;7523
3933;27751
3934;4817
3935;29147
3936;7968
3937;4306
3938;33568
3939;6029
3940;4703
3941;4482
3942;44672
3943;4632
3944;23294
3945;4923
3946;19467
3947;29414
3948;5641
3949;4220
3950;14878
3951;25552
3952;6669
3953;9301
3954;8691
3955;4575
3956;9980
3957;9122
3958;5265
3959;4351
3960;5638
3961;4562
3962;4543
3963;13838
3964;7057
3965;12231
3966;11672
3967;16696
3968;18943
3969;5990
3970;46696
3971;5213
3972;4790
3973;20572
3974;29173
3975;6021
3976;25292
3977;6558
3978;4399
3979;37150
3980;11281
3981;4673
3982;10520
3983;18357
3984;12115
3985;8807
3986;14012
3987;6910
3988;11248
3989;9888
3990;5082
3991;18678
3992;5887
3993;5645
3994;40096
3995;5929
3996;5313
3997;13791
3998;15567
3999;5356
4000;4517
4001;9198
4002;4755
4003;12815
4004;27260
4005;5551
4006;5338
4007;29092
4008;9313
4009;4301
4010;5923
4011;33826
4012;8895
4013;4520
4014;23138
4015;8147
4016;10942
4017;6660
4018;5763
4019;10353
4020;4394
4021;34903
4022;15614
4023;4815
4024;5182
4025;18715
4026;8649
4027;4981
4028;22208
4029;5264
4030;5508
4031;27244
4032;6034
4033;4264
4034;17192
4035;17649
4036;20631
4037;11527
4038;16417
4039;10860
4040;7676
4041;4445
4042;20197
4043;11110
4044;6183
4045;4443
4046;41354
4047;4684
4048;4712
4049;19793
4050;14819
4051;5499
4052;9690
4053;7629
4054;4893
4055;8723
4056;35845
4057;4901
4058;5032
4059;4424
4060;7603
4061;33047
4062;9850
4063;4788
4064;28994
4065;5941
4066;8652
4067;30577
4068;4868
4069;5207
4070;46852
4071;4322
4072;4914
4073;6832
4074;10440
4075;4211
4076;8993
4077;5456
4078;14115
4079;15326
4080;4781
4081;4594
4082;54055
4083;4727
4084;4705
4085;18511
4086;6335
4087;14737
4088;7070
4089;5065
4090;5467
4091;37984
4092;7983
4093;4320
4094;23731
4095;5273
4096;49342
4097;5302
4098;4278
4099;21254
4100;33754
4101;4289
4102;21476
4103;6945
4104;14294
4105;17731
4106;10178
4107;9187
4108;4881
4109;51909
4110;6039
4111;4524
4112;13083
4113;5918
4114;67627
4115;5598
4116;21717
4117;4571
4118;15241
4119;5489
4120;28818
4121;6314
4122;10285
4123;11240
4124;5498
4125;4759
4126;11421
4127;10130
4128;5166
4129;18383
4130;21516
4131;6238
4132;4946
4133;46151
4134;5859
4135;14942
4136;10971
4137;5016
4138;31241
4139;10702
4140;4894
4141;13283
4142;4878
4143;5037
4144;10631
4145;20140
4146;20259
4147;4513
4148;43801
4149;9312
4150;4590
4151;11153
4152;32179
4153;8058
4154;4690
4155;8860
4156;4978
4157;50262
4158;6313
4159;4778
4160;31320
4161;13786
4162;24489
4163;25430
4164;10818
4165;4640
4166;36312
4167;18466
4168;8448
4169;15997
4170;6521
4171;4536
4172;31972
4173;9992
4174;5941
4175;6148
4176;10613
4177;29847
4178;9596
4179;14060
4180;4826
4181;5489
4182;42754
4183;5035
4184;20833
4185;9380
4186;14051
4187;10221
4188;10534
4189;6940
4190;46258
4191;5331
4192;4641
4193;14949
4194;9505
4195;14674
4196;4826
4197;17289
4198;10822
4199;5224
4200;54361
4201;7252
4202;4631
4203;16270
4204;5625
4205;7730
4206;21812
4207;5495
4208;4491
4209;13824
4210;20676
4211;4774
4212;4624
4213;9775
4214;15759
4215;10472
4216;29611
4217;8350
4218;5055
4219;36261
4220;10684
4221;4544
4222;13450
4223;10714
4224;22642
4225;11908
4226;4977
4227;16674
4228;10496
4229;4884
4230;32035
4231;11912
4232;5293
4233;21301
4234;8425
4235;24213
4236;9272
4237;28482
4238;5549
4239;21081
4240;10337
4241;5199
4242;24253
4243;17210
4244;12293
4245;8690
4246;5196
4247;40825
4248;5000
4249;4976
4250;23527
4251;10012
4252;4994
4253;11120
4254;4796
4255;6099
4256;4501
4257;8366
4258;5158
4259;43125
4260;5156
4261;5238
4262;13453
4263;14111
4264;5560
4265;28877
4266;5565
4267;5139
4268;5127
4269;14214
4270;4937
4271;18459
4272;4457
4273;22010
4274;9605
4275;4751
4276;7781
4277;8547
4278;21265
4279;10654
4280;30845
4281;7904
4282;6677
4283;16852
4284;8170
4285;12204
4286;9673
4287;10581
4288;6875
4289;4885
4290;29963
4291;5896
4292;25420
4293;10346
4294;4669
4295;39694
4296;8132
4297;18133
4298;8431
4299;5500
4300;63116
4301;5530
4302;5133
4303;14266
4304;9707
4305;19844
4306;12771
4307;5946
4308;11043
4309;14554
4310;6309
4311;14954
4312;27038
4313;11035
4314;4544
4315;17640
4316;13127
4317;6047
4318;20721
4319;41703
4320;8573
4321;59145
4322;5187
4323;8933
4324;4837
4325;45073
4326;14134
4327;5122
4328;9116
4329;32808
4330;49389
4331;7198
4332;5153
4333;53067
4334;7873
4335;4952
4336;5968
4337;18473
4338;13094
4339;8470
4340;32267
4341;9001
4342;4698
4343;5332
4344;54641
4345;5346
4346;5009
4347;9565
4348;25355
4349;5388
4350;5328
4351;33973
4352;5525
4353;5291
4354;8697
4355;5311
4356;5024
4357;9725
4358;25077
4359;6335
4360;4998
4361;27648
4362;8790
4363;5359
4364;54811
4365;4801
4366;5494
4367;21996
4368;6080
4369;4873
4370;14400
4371;5675
4372;5253
4373;53521
4374;8271
4375;40602
4376;6232
4377;4599
4378;50181
4379;4875
4380;4527
4381;30257
4382;16086
4383;8318
4384;26106
4385;8551
4386;6998
4387;61255
4388;5131
4389;4892
4390;18999
4391;5778
4392;16331
4393;22864
4394;8374
4395;5297
4396;26879
4397;6925
4398;8165
4399;16761
4400;9803
4401;4979
4402;32378
4403;9814
4404;4958
4405;23060
4406;10219
4407;30087
4408;9225
4409;36180
4410;25721
4411;14480
4412;5851
4413;24208
4414;23590
4415;6906
4416;5307
4417;18206
4418;16290
4419;8397
4420;9939
4421;13606
4422;4838
4423;9001
4424;32629
4425;4950
4426;38899
4427;4698
4428;77535
4429;5241
4430;21344
4431;5338
4432;51525
4433;5566
4434;8834
4435;4646
4436;12339
4437;19059
4438;11705
4439;42348
4440;15009
4441;6705
4442;5604
4443;79843
4444;13231
4445;16557
4446;7968
4447;10149
4448;6008
4449;44962
4450;32138
4451;36427
4452;6245
4453;4639
4454;29986
4455;10482
4456;19236
4457;9487
4458;5311
4459;13587
4460;18765
4461;27827
4462;30596
4463;11602
4464;5032
4465;8759
4466;9294
4467;23434
4468;5603
4469;23871
4470;6200
4471;4911
4472;7541
4473;31608
4474;5933
4475;10820
4476;14342
4477;11119
4478;6262
4479;9277
4480;20983
4481;5604
4482;34428
4483;7386
4484;5449
4485;14819
4486;8191
4487;15754
4488;6779
4489;16618
4490;10507
4491;6494
4492;5145
4493;10792
4494;4991
4495;5263
4496;4758
4497;4823
4498;7802
4499;8283
4500;26897
4501;10760
4502;5862
4503;11180
4504;5242
4505;4961
4506;11381
4507;5467
4508;43968
4509;4966
4510;5437
4511;14985
4512;6685
4513;5699
4514;5673
4515;11142
4516;9331
4517;5479
4518;25064
4519;5724
4520;5128
4521;23103
4522;5414
4523;18881
4524;6773
4525;4837
4526;16602
4527;9282
4528;5078
4529;9080
4530;36156
4531;16489
4532;5330
4533;50209
4534;5468
4535;13433
4536;13086
4537;5109
4538;5548
4539;23698
4540;9199
4541;5380
4542;46406
4543;5264
4544;8597
4545;10945
4546;5381
4547;24643
4548;5654
4549;5563
4550;4719
4551;25830
4552;15155
4553;8169
4554;5456
4555;30031
4556;8436
4557;5804
4558;7310
4559;20582
4560;18526
4561;30235
4562;6124
4563;25754
4564;4993
4565;4752
4566;13195
4567;6054
4568;53737
4569;6051
4570;5070
4571;5718
4572;5432
4573;29839
4574;5904
4575;5459
4576;16608
4577;26800
4578;5347
4579;10512
4580;5479
4581;30350
4582;5700
4583;5698
4584;26949
4585;5948
4586;26029
4587;47829
4588;5906
4589;6147
4590;25207
4591;5938
4592;27958
4593;15391
4594;19055
4595;15094
4596;5521
4597;13625
4598;5119
4599;8410
4600;48817
4601;15678
4602;6150
4603;5653
4604;20230
4605;13433
4606;5078
4607;8416
4608;21923
4609;23292
4610;5402
4611;15400
4612;5556
4613;7146
4614;14240
4615;19287
4616;6219
4617;24765
4618;5597
4619;5758
4620;21582
4621;6419
4622;9113
4623;11429
4624;6154
4625;8180
4626;11216
4627;64739
4628;4974
4629;25597
4630;11351
4631;5356
4632;14008
4633;14904
4634;10290
4635;23367
4636;39541
4637;9047
4638;32923
4639;6369
4640;6018
4641;26043
4642;8925
4643;6109
4644;31637
4645;6325
4646;11663
4647;46206
4648;10581
4649;6819
4650;23409
4651;5747
4652;21190
4653;25463
4654;10658
4655;10739
4656;26340
4657;10056
4658;6596
4659;17729
4660;5590
4661;43447
4662;4841
4663;25179
4664;6119
4665;5412
4666;21597
4667;5660
4668;6270
4669;47387
4670;6996
4671;5785
4672;24337
4673;5974
4674;5771
4675;6354
4676;13929
4677;9462
4678;5467
4679;14596
4680;5672
4681;7043
4682;19052
4683;13286
4684;13930
4685;6260
4686;7635
4687;6638
4688;14200
4689;5458
4690;18914
4691;5506
4692;14840
4693;9041
4694;10460
4695;14308
4696;5924
4697;29061
4698;9882
4699;32203
4700;9167
4701;5888
4702;19714
4703;14230
4704;15786
4705;6779
4706;7379
4707;6939
4708;17406
4709;6764
4710;38874
4711;11237
4712;9360
4713;6393
4714;6268
4715;15444
4716;11891
4717;18295
4718;13207
4719;35629
4720;6633
4721;5448
4722;9706
4723;5805
4724;29425
4725;6472
4726;6193
4727;45320
4728;5935
4729;4847
4730;12178
4731;5794
4732;28006
4733;6002
4734;4898
4735;8998
4736;5446
4737;39643
4738;4961
4739;81015
4740;23196
4741;12361
4742;6625
4743;5929
4744;49500
4745;6063
4746;37838
4747;5894
4748;6252
4749;21330
4750;6660
4751;11255
4752;5910
4753;11211
4754;11391
4755;5457
4756;5220
4757;5530
4758;36110
4759;5429
4760;5591
4761;19392
4762;5953
4763;5943
4764;11055
4765;11280
4766;55480
4767;6485
4768;6935
4769;11139
4770;10067
4771;9741
4772;11496
4773;18890
4774;6587
4775;17558
4776;52131
4777;6490
4778;6129
4779;10680
4780;11145
4781;8737
4782;13434
4783;17698
4784;6401
4785;37867
4786;8976
4787;7582
4788;11755
4789;12405
4790;34952
4791;5706
4792;5944
4793;14854
4794;10332
4795;15230
4796;5578
4797;27684
4798;10644
4799;6357
4800;31636
4801;5580
4802;6222
4803;39375
4804;5602
4805;16072
4806;5123
4807;27245
4808;13678
4809;37322
4810;15917
4811;6011
4812;6824
4813;5397
4814;13684
4815;9209
4816;6034
4817;27427
4818;10869
4819;6113
4820;17749
4821;6801
4822;15675
4823;12989
4824;5902
4825;10465
4826;10124
4827;5335
4828;16377
4829;8987
4830;6668
4831;16024
4832;6633
4833;5653
4834;6458
4835;5705
4836;15692
4837;10605
4838;4990
4839;5400
4840;16087
4841;5583
4842;22915
4843;20720
4844;5497
4845;20598
4846;9873
4847;7673
4848;27283
4849;5581
4850;29645
4851;6103
4852;23350
4853;6027
4854;5131
4855;11800
4856;10337
4857;5854
4858;19101
4859;10957
4860;5091
4861;36455
4862;10871
4863;6177
4864;18750
4865;10863
4866;5364
4867;26214
4868;5477
4869;6032
4870;20398
4871;10930
4872;6773
4873;6902
4874;43111
4875;6280
4876;21513
4877;10243
4878;6827
4879;10391
4880;6073
4881;29052
4882;6616
4883;6150
4884;20135
4885;17625
4886;18290
4887;6088
4888;11762
4889;10036
4890;11640
4891;14628
4892;14980
4893;6360
4894;5508
4895;31979
4896;6298
4897;27304
4898;10641
4899;5263
4900;26759
4901;5956
4902;43232
4903;9363
4904;9450
4905;6713
4906;15339
4907;37741
4908;9443
4909;8660
4910;14802
4911;6132
4912;31989
4913;6331
4914;8125
4915;21520
4916;8575
4917;14216
4918;31178
4919;6990
4920;17875
4921;6779
4922;5697
4923;14231
4924;5050
4925;30464
4926;7839
4927;5891
4928;15562
4929;6513
4930;5453
4931;11404
4932;10833
4933;7864
4934;33522
4935;49055
4936;20666
4937;34435
4938;6367
4939;42576
4940;8285
4941;42053
4942;8374
4943;6173
4944;28947
4945;8904
4946;41370
4947;28956
4948;6883
4949;28033
4950;19627
4951;10008
4952;24693
4953;8536
4954;27799
4955;16505
4956;5753
4957;5682
4958;22743
4959;6459
4960;37614
4961;5795
4962;19846
4963;17514
4964;9482
4965;13376
4966;9089
4967;16310
4968;5950
4969;12437
4970;5112
4971;45234
4972;5959
4973;16321
4974;6700
4975;32191
4976;8114
4977;6027
4978;14716
4979;5668
4980;23299
4981;8117
4982;12639
4983;7733
4984;6192
4985;6226
4986;5830
4987;19360
4988;9962
4989;5680
4990;14777
4991;6625
4992;8731
4993;43865
4994;7133
4995;12966
4996;13936
4997;6168
4998;27637
4999;5921
5000;31449
5001;6708
5002;5889
5003;15026
5004;26393
5005;6631
5006;23528
5007;9759
5008;5965
5009;12575
5010;15140
5011;10041
5012;5991
5013;6035
5014;6111
5015;11818
5016;11544
5017;11110
5018;13298
5019;5861
5020;15257
5021;5687
5022;6292
5023;19697
5024;5591
5025;5758
5026;6005
5027;13391
5028;25058
5029;22090
5030;20700
5031;6387
5032;27822
5033;5520
5034;14716
5035;9188
5036;11695
5037;5660
5038;20238
5039;9984
5040;25663
5041;20793
5042;5288
5043;25519
5044;10285
5045;5307
5046;18052
5047;7999
5048;18527
5049;6606
5050;7832
5051;21528
5052;11003
5053;6037
5054;23681
5055;19020
5056;8731
5057;9532
5058;21547
5059;6975
5060;6762
5061;18346
5062;5394
5063;20200
5064;6423
5065;25339
5066;8906
5067;5750
5068;18486
5069;10307
5070;5848
5071;22378
5072;10052
5073;6144
5074;10391
5075;8290
5076;9209
5077;23646
5078;5422
5079;10293
5080;5933
5081;24867
5082;5440
5083;14020
5084;7767
5085;5312
5086;14519
5087;6120
5088;35502
5089;6377
5090;5626
5091;18894
5092;5511
5093;21321
5094;7942
5095;35254
5096;10621
5097;35042
5098;64449
5099;6566
5100;26505
5101;8396
5102;29554
5103;6204
5104;6222
5105;29868
5106;10812
5107;6241
5108;27411
5109;13351
5110;5584
5111;16634
5112;5803
5113;9477
5114;13246
5115;9864
5116;6221
5117;19804
5118;6971
5119;5821
5120;43570
5121;5464
5122;13725
5123;6669
5124;18213
5125;5822
5126;26819
5127;6596
5128;28667
5129;6255
5130;29612
5131;6483
5132;9548
5133;11204
5134;5847
5135;5696
5136;9079
5137;10443
5138;5464
5139;25179
5140;5960
5141;38259
5142;6075
5143;6407
5144;6041
5145;13425
5146;10048
5147;10779
5148;42419
5149;8421
5150;20913
5151;5501
5152;24067
5153;6884
5154;23025
5155;5925
5156;30071
5157;6022
5158;55464
5159;6704
5160;6175
5161;16897
5162;9996
5163;5292
5164;13649
5165;8920
5166;6704
5167;17298
5168;9227
5169;13848
5170;14308
5171;8589
5172;25555
5173;5651
5174;7352
5175;10474
5176;10037
5177;14713
5178;10324
5179;6507
5180;22388
5181;12391
5182;6133
5183;11950
5184;5988
5185;30214
5186;9494
5187;8656
5188;7081
5189;6359
5190;29022
5191;10949
5192;34844
5193;6100
5194;28718
5195;9228
5196;6044
5197;18594
5198;5651
5199;6181
5200;21556
5201;8872
5202;7889
5203;11059
5204;6326
5205;16831
5206;6138
5207;25315
5208;6257
5209;20204
5210;6784
5211;25459
5212;25093
5213;6674
5214;5375
5215;17147
5216;10024
5217;5722
5218;5333
5219;18363
5220;7361
5221;50675
5222;6077
5223;9840
5224;8319
5225;15540
5226;8915
5227;12794
5228;9411
5229;24410
5230;6345
5231;47264
5232;6212
5233;26786
5234;6257
5235;8097
5236;10300
5237;8843
5238;14003
5239;5861
5240;26499
5241;5497
5242;21486
5243;7890
5244;15631
5245;8649
5246;18991
5247;6161
5248;22413
5249;5389
5250;15741
5251;5593
5252;37510
5253;8498
5254;28581
5255;6752
5256;15305
5257;5859
5258;5780
5259;11546
5260;31523
5261;6275
5262;15530
5263;6697
5264;23098
5265;6247
5266;5655
5267;14913
5268;5365
5269;35257
5270;7691
5271;17162
5272;7004
5273;13469
5274;6606
5275;20552
5276;6644
5277;5501
5278;8341
5279;10643
5280;9447
5281;8415
5282;6939
5283;5703
5284;11337
5285;6098
5286;16604
5287;9484
5288;5979
5289;21921
5290;32133
5291;6355
5292;18407
5293;8225
5294;17557
5295;6337
5296;28504
5297;6555
5298;17998
5299;25219
5300;17689
5301;6964
5302;5657
5303;12297
5304;10673
5305;7893
5306;12530
5307;13236
5308;30699
5309;9155
5310;6804
5311;11672
5312;13514
5313;8700
5314;19217
5315;8201
5316;34086
5317;6363
5318;47145
5319;8818
5320;19254
5321;14611
5322;5497
5323;18730
5324;6154
5325;14001
5326;7492
5327;9551
5328;6352
5329;11413
5330;32654
5331;22698
5332;5992
5333;20936
5334;6142
5335;34077
5336;6305
5337;26904
5338;6395
5339;6234
5340;13406
5341;6143
5342;18974
5343;6444
5344;21002
5345;7206
5346;22659
5347;6014
5348;6001
5349;20758
5350;8167
5351;14032
5352;10721
5353;17506
5354;18556
5355;18370
5356;8224
5357;5879
5358;8628
5359;8977
5360;8318
5361;11302
5362;8411
5363;21224
5364;23333
5365;31691
5366;5990
5367;6370
5368;14459
5369;6308
5370;6908
5371;21540
5372;13979
5373;7713
5374;9606
5375;29356
5376;6357
5377;27709
5378;6048
5379;30103
5380;6253
5381;11199
5382;15072
5383;8391
5384;19439
5385;9837
5386;18070
5387;11735
5388;9198
5389;9367
5390;6460
5391;6049
5392;11559
5393;10861
5394;18541
5395;33810
5396;6846
5397;5761
5398;14161
5399;6278
5400;17054
5401;6153
5402;23394
5403;10708
5404;14806
5405;9281
5406;6342
5407;9857
5408;6396
5409;6220
5410;6549
5411;46115
5412;11045
5413;8248
5414;39839
5415;19930
5416;6087
5417;21634
5418;12418
5419;47681
5420;11160
5421;23259
5422;13844
5423;6717
5424;26077
5425;8304
5426;25477
5427;10022
5428;5649
5429;23838
5430;22562
5431;6071
5432;9324
5433;7303
5434;16662
5435;8734
5436;18902
5437;9113
5438;14831
5439;18206
5440;9242
5441;19878
5442;6542
5443;31268
5444;9131
5445;9527
5446;33401
5447;8655
5448;39124
5449;8661
5450;36272
5451;6766
5452;47726
5453;8476
5454;35017
5455;8775
5456;6026
5457;9408
5458;26425
5459;9738
5460;9466
5461;39152
5462;6110
5463;6740
5464;19266
5465;11171
5466;6577
5467;21922
5468;7778
5469;16865
5470;6961
5471;10536
5472;16595
5473;6076
5474;20243
5475;10918
5476;5841
5477;18009
5478;19177
5479;30326
5480;8440
5481;15497
5482;33537
5483;8570
5484;11288
5485;5609
5486;15098
5487;10412
5488;8237
5489;20559
5490;10436
5491;14446
5492;43483
5493;10138
5494;36748
5495;9897
5496;25860
5497;8926
5498;5997
5499;6390
5500;11641
5501;6999
5502;47433
5503;6462
5504;21707
5505;11146
5506;6180
5507;12740
5508;6736
5509;22998
5510;6708
5511;27119
5512;9068
5513;19320
5514;27084
5515;8666
5516;6484
5517;13356
5518;10008
5519;10177
5520;8676
5521;14289
5522;8151
5523;25685
5524;21979
5525;17220
5526;6182
5527;18103
5528;49163
5529;27106
5530;11126
5531;27366
5532;18445
5533;17048
5534;14024
5535;6381
5536;33146
5537;6300
5538;9444
5539;6468
5540;6484
5541;24632
5542;8708
5543;53051
5544;8887
5545;6312
5546;25199
5547;7345
5548;29882
5549;9605
5550;6683
5551;22626
5552;5830
5553;40046
5554;9073
5555;10842
5556;8122
5557;37238
5558;6547
5559;24126
5560;12305
5561;7070
5562;30477
5563;14595
5564;6820
5565;44259
5566;9897
5567;6479
5568;37958
5569;6670
5570;15750
5571;10029
5572;6840
5573;12730
5574;6275
5575;5758
5576;12908
5577;14673
5578;12264
5579;8422
5580;30664
5581;45927
5582;7078
5583;18854
5584;9056
5585;8220
5586;18219
5587;6029
5588;69566
5589;24362
5590;9440
5591;7810
5592;24345
5593;6879
5594;24083
5595;22223
5596;8357
5597;6951
5598;10380
5599;5921
5600;12079
5601;8278
5602;34006
5603;6117
5604;27493
5605;6204
5606;28575
5607;8511
5608;12603
5609;15219
5610;8582
5611;10574
5612;8137
5613;19361
5614;8649
5615;23140
5616;8916
5617;6432
5618;8957
5619;18945
5620;8474
5621;13390
5622;14837
5623;16293
5624;13893
5625;5847
5626;29958
5627;6760
5628;18392
5629;11117
5630;25383
5631;30244
5632;14543
5633;5948
5634;24554
5635;13595
5636;8733
5637;29933
5638;6560
5639;6726
5640;43666
5641;5900
5642;29604
5643;10127
5644;8767
5645;10248
5646;6057
5647;7645
5648;15582
5649;19168
5650;14712
5651;6726
5652;23382
5653;12121
5654;37478
5655;7642
5656;9588
5657;56430
5658;14316
5659;14381
5660;13007
5661;8287
5662;14123
5663;6516
5664;23073
5665;15056
5666;44060
5667;8319
5668;15011
5669;8930
5670;8234
5671;6753
5672;12088
5673;6439
5674;9323
5675;8590
5676;13982
5677;39272
5678;10619
5679;8827
5680;43689
5681;9664
5682;9120
5683;35623
5684;15977
5685;19891
5686;40324
5687;10118
5688;34736
5689;9707
5690;8662
5691;38038
5692;8461
5693;52512
5694;10313
5695;24963
5696;9224
5697;38416
5698;6806
5699;26958
5700;6699
5701;6221
5702;10666
5703;24150
5704;11215
5705;23724
5706;7305
5707;11549
5708;8773
5709;10130
5710;12509
5711;7079
5712;6218
5713;20824
5714;8585
5715;51669
5716;8911
5717;9207
5718;11094
5719;8306
5720;21198
5721;7008
5722;14159
5723;8705
5724;28990
5725;9820
5726;13267
5727;6642
5728;19769
5729;8268
5730;6278
5731;40838
5732;6188
5733;38956
5734;9427
5735;6924
5736;28171
5737;6419
5738;14002
5739;8891
5740;20243
5741;6526
5742;17041
5743;6193
5744;15182
5745;10172
5746;8867
5747;34319
5748;8936
5749;6318
5750;8786
5751;11991
5752;19226
5753;6564
5754;16783
5755;9791
5756;6352
5757;27596
5758;21178
5759;37237
5760;7236
5761;18947
5762;17489
5763;5839
5764;20748
5765;11455
5766;58857
5767;6480
5768;35651
5769;8779
5770;7974
5771;26924
5772;9465
5773;8567
5774;16056
5775;8980
5776;45762
5777;8816
5778;23074
5779;9605
5780;6289
5781;17129
5782;11476
5783;25721
5784;7580
5785;13889
5786;11805
5787;11269
5788;36467
5789;41171
5790;57565
5791;23167
5792;45865
5793;6412
5794;49405
5795;9735
5796;20631
5797;16946
5798;7152
5799;31269
5800;23422
5801;46789
5802;7033
5803;41955
5804;9763
5805;9460
5806;44425
5807;6452
5808;42134
5809;8283
5810;17407
5811;27121
5812;44138
5813;10656
5814;18090
5815;34763
5816;14841
5817;29078
5818;10055
5819;11740
5820;13979
5821;8959
5822;17849
5823;9910
5824;14084
5825;9668
5826;23342
5827;6453
5828;13902
5829;15821
5830;8504
5831;17404
5832;14107
5833;32777
5834;37085
5835;6859
5836;6253
5837;25532
5838;7472
5839;33808
5840;9130
5841;6197
5842;11177
5843;12211
5844;9041
5845;16329
5846;10635
5847;33872
5848;13739
5849;13929
5850;32335
5851;14306
5852;6246
5853;19262
5854;48949
5855;17764
5856;56783
5857;11414
5858;14498
5859;15413
5860;8613
5861;23927
5862;9093
5863;34801
5864;6065
5865;39707
5866;14366
5867;14822
5868;6906
5869;10877
5870;11535
5871;12988
5872;11035
5873;6963
5874;10245
5875;38127
5876;10743
5877;34514
5878;6641
5879;37051
5880;13480
5881;8825
5882;20449
5883;7206
5884;13963
5885;7352
5886;19394
5887;9601
5888;31625
5889;14836
5890;59804
5891;10396
5892;38620
5893;6486
5894;9945
5895;30469
5896;6354
5897;82175
5898;14612
5899;6988
5900;22670
5901;9218
5902;12326
5903;10732
5904;14347
5905;10111
5906;6364
5907;32009
5908;37503
5909;11894
5910;14009
5911;8320
5912;16343
5913;11286
5914;6652
5915;23327
5916;11578
5917;58087
5918;51841
5919;14045
5920;8629
5921;39223
5922;13114
5923;43495
5924;14314
5925;17761
5926;44321
5927;6904
5928;17503
5929;9132
5930;8448
5931;16033
5932;10387
5933;8844
5934;28856
5935;12321
5936;13865
5937;31577
5938;6728
5939;9191
5940;7906
5941;14121
5942;14897
5943;12871
5944;18513
5945;6581
5946;37790
5947;8930
5948;21280
5949;41840
5950;10157
5951;37575
5952;8411
5953;21637
5954;17503
5955;9786
5956;15042
5957;14262
5958;15541
5959;8635
5960;18746
5961;23234
5962;10490
5963;10156
5964;27818
5965;15052
5966;8973
5967;31678
5968;14598
5969;9217
5970;41518
5971;7213
5972;37146
5973;11319
5974;51399
5975;10072
5976;22627
5977;10031
5978;32069
5979;6255
5980;33844
5981;8735
5982;70583
5983;9585
5984;35591
5985;6137
5986;29183
5987;7144
5988;24296
5989;9432
5990;36156
5991;11801
5992;15006
5993;11057
5994;16959
5995;29720
5996;11666
5997;34557
5998;9436
5999;34993
6000;6944
6001;38398
6002;8989
6003;23464
6004;19045
6005;8445
6006;40769
6007;10342
6008;17870
6009;6507
6010;16210
6011;9046
6012;31646
6013;10238
6014;27045
6015;28450
6016;14040
6017;27643
6018;6611
6019;13848
6020;12857
6021;42662
6022;25253
6023;9362
6024;27963
6025;14758
6026;8760
6027;27396
6028;9242
6029;14314
6030;22254
6031;9374
6032;15373
6033;14533
6034;15862
6035;14932
6036;8765
6037;28060
6038;30122
6039;9236
6040;22435
6041;10758
6042;6159
6043;14691
6044;10723
6045;8737
6046;40482
6047;7461
6048;13132
6049;9698
6050;17403
6051;9878
6052;14186
6053;38116
6054;26430
6055;6493
6056;31402
6057;13320
6058;10458
6059;17566
6060;14513
6061;9468
6062;16317
6063;11783
6064;9159
6065;19184
6066;8622
6067;20275
6068;14322
6069;49560
6070;12255
6071;6776
6072;11698
6073;6938
6074;13448
6075;6284
6076;15151
6077;8301
6078;18925
6079;8408
6080;43459
6081;6850
6082;26249
6083;7021
6084;20740
6085;11546
6086;6938
6087;21755
6088;9348
6089;32957
6090;7225
6091;18752
6092;11647
6093;11229
6094;11521
6095;8629
6096;16680
6097;67704
6098;6621
6099;59181
6100;9026
6101;23261
6102;22458
6103;10027
6104;19803
6105;14126
6106;14868
6107;17086
6108;6618
6109;26964
6110;7113
6111;20883
6112;15435
6113;27340
6114;11173
6115;7333
6116;15459
6117;9428
6118;25743
6119;30314
6120;20713
6121;11456
6122;7731
6123;33717
6124;7278
6125;12221
6126;9904
6127;24730
6128;10384
6129;9054
6130;22982
6131;8718
6132;26621
6133;11653
6134;43297
6135;11376
6136;41005
6137;6689
6138;34737
6139;9936
6140;36434
6141;10883
6142;6293
6143;14566
6144;7122
6145;15319
6146;8988
6147;14197
6148;16824
6149;13500
6150;35074
6151;8815
6152;7130
6153;16924
6154;8881
6155;22567
6156;9374
6157;27439
6158;8687
6159;81096
6160;9395
6161;32207
6162;7214
6163;6507
6164;26623
6165;27074
6166;46203
6167;9621
6168;9189
6169;17239
6170;11074
6171;12218
6172;13722
6173;10632
6174;63768
6175;6915
6176;11039
6177;10851
6178;34033
6179;9565
6180;31809
6181;9969
6182;21431
6183;27578
6184;9741
6185;21189
6186;10533
6187;30371
6188;8928
6189;15021
6190;37386
6191;15126
6192;8522
6193;11521
6194;13035
6195;11397
6196;7276
6197;25700
6198;9873
6199;47959
6200;6994
6201;11566
6202;20527
6203;7413
6204;27232
6205;8629
6206;10470
6207;8875
6208;84516
6209;9942
6210;18027
6211;26706
6212;19001
6213;38254
6214;33299
6215;30914
6216;46184
6217;8729
6218;30838
6219;15646
6220;11126
6221;8741
6222;17049
6223;24377
6224;23300
6225;20051
6226;30450
6227;31589
6228;9097
6229;25426
6230;6728
6231;19373
6232;17847
6233;9771
6234;15917
6235;10615
6236;16917
6237;9586
6238;6930
6239;20168
6240;11615
6241;19647
6242;9920
6243;24137
6244;6556
6245;29135
6246;13779
6247;14809
6248;29236
6249;10202
6250;17412
6251;6598
6252;15341
6253;9388
6254;31168
6255;9612
6256;30575
6257;9194
6258;25238
6259;23115
6260;11634
6261;51229
6262;6973
6263;13709
6264;15082
6265;34425
6266;9332
6267;8648
6268;36197
6269;10440
6270;13691
6271;6527
6272;18931
6273;9295
6274;19532
6275;19369
6276;7222
6277;17492
6278;10770
6279;12241
6280;36103
6281;10035
6282;6575
6283;28335
6284;9036
6285;16552
6286;10381
6287;34658
6288;9534
6289;29865
6290;17360
6291;9748
6292;39206
6293;8993
6294;31588
6295;14960
6296;16333
6297;9740
6298;24928
6299;9133
6300;26131
6301;9541
6302;14511
6303;21711
6304;18753
6305;31925
6306;9820
6307;16249
6308;7476
6309;13022
6310;6748
6311;30867
6312;19258
6313;71220
6314;14554
6315;14529
6316;8929
6317;6592
6318;21326
6319;7489
6320;12084
6321;27466
6322;56640
6323;10981
6324;20725
6325;9669
6326;27283
6327;10186
6328;40092
6329;11949
6330;19681
6331;14035
6332;114505
6333;10646
6334;21851
6335;9708
6336;10943
6337;9369
6338;10747
6339;26460
6340;10829
6341;57297
6342;19060
6343;9361
6344;28375
6345;9768
6346;16139
6347;23344
6348;9907
6349;14251
6350;9597
6351;6807
6352;39971
6353;9568
6354;23029
6355;10204
6356;9476
6357;36709
6358;9083
6359;41669
6360;11892
6361;51252
6362;42086
6363;11471
6364;34068
6365;9994
6366;34379
6367;9175
6368;32345
6369;9594
6370;13213
6371;16058
6372;41905
6373;32794
6374;44925
6375;10625
6376;7057
6377;20681
6378;7035
6379;15614
6380;44154
6381;22846
6382;17743
6383;13447
6384;42951
6385;9246
6386;10757
6387;52582
6388;30449
6389;9482
6390;16175
6391;23148
6392;9038
6393;17401
6394;20960
6395;11740
6396;29077
6397;15960
6398;26849
6399;9531
6400;20908
6401;11545
6402;12686
6403;17060
6404;68823
6405;7435
6406;22756
6407;10728
6408;13205
6409;15561
6410;8816
6411;23932
6412;21835
6413;18197
6414;16644
6415;9055
6416;9904
6417;16877
6418;9880
6419;13787
6420;34148
6421;9660
6422;15435
6423;22439
6424;9828
6425;27574
6426;33952
6427;8698
6428;32712
6429;9675
6430;15163
6431;14638
6432;11431
6433;8531
6434;12061
6435;61945
6436;10867
6437;18264
6438;13054
6439;9168
6440;16709
6441;17092
6442;36253
6443;9479
6444;20577
6445;9492
6446;11057
6447;15788
6448;12513
6449;33611
6450;6814
6451;9819
6452;17790
6453;42367
6454;34465
6455;11478
6456;10731
6457;29700
6458;10558
6459;17134
6460;9629
6461;20252
6462;9798
6463;52358
6464;10828
6465;14602
6466;17151
6467;7106
6468;46136
6469;9936
6470;33828
6471;10592
6472;31617
6473;9947
6474;35911
6475;9014
6476;34180
6477;9468
6478;23971
6479;9191
6480;14854
6481;21214
6482;11779
6483;11707
6484;16221
6485;10315
6486;44269
6487;11089
6488;14815
6489;15577
6490;12031
6491;23354
6492;10061
6493;11418
6494;98755
6495;9572
6496;27069
6497;9414
6498;11812
6499;36764
6500;9110
6501;14610
6502;15778
6503;9182
6504;50984
6505;9396
6506;16601
6507;7075
6508;17998
6509;17149
6510;11064
6511;16821
6512;31167
6513;16251
6514;11601
6515;16271
6516;13956
6517;9237
6518;22927
6519;10786
6520;12512
6521;71796
6522;22439
6523;38719
6524;11124
6525;31241
6526;9841
6527;21163
6528;14911
6529;15568
6530;30851
6531;37940
6532;9397
6533;22810
6534;7473
6535;50849
6536;7054
6537;31335
6538;7195
6539;11607
6540;11597
6541;10648
6542;17736
6543;6989
6544;44421
6545;9186
6546;7176
6547;22297
6548;9544
6549;29724
6550;8936
6551;14089
6552;19574
6553;9782
6554;33720
6555;9076
6556;19741
6557;31048
6558;10779
6559;15624
6560;8981
6561;28407
6562;9267
6563;15372
6564;13374
6565;36677
6566;14284
6567;30413
6568;9707
6569;12999
6570;24912
6571;9648
6572;15255
6573;7004
6574;12342
6575;26055
6576;68345
6577;9518
6578;13605
6579;30011
6580;10315
6581;30658
6582;7387
6583;22782
6584;10038
6585;17043
6586;28237
6587;8861
6588;16790
6589;10019
6590;22110
6591;78102
6592;10109
6593;22174
6594;33284
6595;12174
6596;16359
6597;12120
6598;10174
6599;15625
6600;31630
6601;10525
6602;27318
6603;9879
6604;14727
6605;31348
6606;13604
6607;18427
6608;11235
6609;9384
6610;25743
6611;8896
6612;27125
6613;19519
6614;10389
6615;23010
6616;9527
6617;19608
6618;9165
6619;12374
6620;36323
6621;28926
6622;20424
6623;10360
6624;9639
6625;14142
6626;26533
6627;9650
6628;26494
6629;9345
6630;26451
6631;9557
6632;9553
6633;28536
6634;8071
6635;19965
6636;15841
6637;32567
6638;9684
6639;15023
6640;30728
6641;29115
6642;149345
6643;9862
6644;36041
6645;39837
6646;9286
6647;11301
6648;35206
6649;49654
6650;42369
6651;10639
6652;7434
6653;12979
6654;9282
6655;55756
6656;9316
6657;40544
6658;11508
6659;16743
6660;19852
6661;10240
6662;33676
6663;9581
6664;20946
6665;10644
6666;21873
6667;9868
6668;9963
6669;13872
6670;13803
6671;25537
6672;10145
6673;14912
6674;17921
6675;7044
6676;54078
6677;7101
6678;28193
6679;10877
6680;13432
6681;9996
6682;14281
6683;16456
6684;16729
6685;24603
6686;17173
6687;9271
6688;15531
6689;12364
6690;34972
6691;16053
6692;16443
6693;18957
6694;9778
6695;24305
6696;10331
6697;10012
6698;15836
6699;38958
6700;44668
6701;9558
6702;17467
6703;36489
6704;13409
6705;39668
6706;10142
6707;22157
6708;15279
6709;10655
6710;26880
6711;23138
6712;7516
6713;18850
6714;31811
6715;12301
6716;10178
6717;21251
6718;10372
6719;15942
6720;13333
6721;24890
6722;11749
6723;13463
6724;11585
6725;26378
6726;9786
6727;9431
6728;32747
6729;10494
6730;36662
6731;24283
6732;11947
6733;16617
6734;11416
6735;10119
6736;33050
6737;23247
6738;11160
6739;11731
6740;10400
6741;7131
6742;16795
6743;20985
6744;30736
6745;15905
6746;21699
6747;8687
6748;20091
6749;9967
6750;11486
6751;40383
6752;9868
6753;17849
6754;10903
6755;10716
6756;14783
6757;13121
6758;14532
6759;18719
6760;16176
6761;18201
6762;32321
6763;9962
6764;16734
6765;10481
6766;9017
6767;21284
6768;9549
6769;16602
6770;9796
6771;16791
6772;9938
6773;10850
6774;15790
6775;16507
6776;35626
6777;10797
6778;21787
6779;8959
6780;11653
6781;18502
6782;10523
6783;17683
6784;7367
6785;16288
6786;13922
6787;30178
6788;17887
6789;15133
6790;9706
6791;11652
6792;23311
6793;10366
6794;57594
6795;10125
6796;18788
6797;21012
6798;10339
6799;25251
6800;7050
6801;13060
6802;37167
6803;12142
6804;50466
6805;10791
6806;22643
6807;10656
6808;15809
6809;12785
6810;9975
6811;34121
6812;9821
6813;32454
6814;29625
6815;10452
6816;18206
6817;10057
6818;24475
6819;9307
6820;29996
6821;30259
6822;13841
6823;58401
6824;8866
6825;23746
6826;11407
6827;42448
6828;31253
6829;9437
6830;14099
6831;14161
6832;44693
6833;11684
6834;45186
6835;11698
6836;21327
6837;34203
6838;12570
6839;13544
6840;14648
6841;9367
6842;24215
6843;9758
6844;30984
6845;9165
6846;44068
6847;9915
6848;15629
6849;10980
6850;20923
6851;24882
6852;11561
6853;23844
6854;9944
6855;25655
6856;10836
6857;45799
6858;12437
6859;9302
6860;30064
6861;9588
6862;10070
6863;62089
6864;10006
6865;21062
6866;9471
6867;17722
6868;15124
6869;11707
6870;9630
6871;36309
6872;9821
6873;14282
6874;13078
6875;16766
6876;12602
6877;15794
6878;14438
6879;30339
6880;9312
6881;18823
6882;9344
6883;16608
6884;67369
6885;12175
6886;17456
6887;14740
6888;9647
6889;44275
6890;9968
6891;24116
6892;9800
6893;13260
6894;10362
6895;26966
6896;27213
6897;13954
6898;12938
6899;10598
6900;16015
6901;54257
6902;10430
6903;19706
6904;11889
6905;43791
6906;12123
6907;21762
6908;10452
6909;27568
6910;14710
6911;16048
6912;9913
6913;22459
6914;9892
6915;23203
6916;12668
6917;9891
6918;28781
6919;9837
6920;18419
6921;34765
6922;11129
6923;56856
6924;9238
6925;16689
6926;15013
6927;7102
6928;22991
6929;10177
6930;21994
6931;17798
6932;17123
6933;10898
6934;52870
6935;22379
6936;11031
6937;43127
6938;14462
6939;28308
6940;9864
6941;14199
6942;16478
6943;32893
6944;10521
6945;41433
6946;10299
6947;16095
6948;13616
6949;10377
6950;7305
6951;14204
6952;17142
6953;49052
6954;9444
6955;16627
6956;9714
6957;19013
6958;16307
6959;11546
6960;37315
6961;31828
6962;41199
6963;11183
6964;20971
6965;10715
6966;16247
6967;32755
6968;24277
6969;30767
6970;15834
6971;13673
6972;17004
6973;9917
6974;30832
6975;15554
6976;40902
6977;11166
6978;18217
6979;13990
6980;26969
6981;10299
6982;18909
6983;34478
6984;11056
6985;9212
6986;12226
6987;12745
6988;16923
6989;15578
6990;9142
6991;15947
6992;29132
6993;14129
6994;17199
6995;18730
6996;12840
6997;11753
6998;25593
6999;17970
7000;12281
7001;37492
7002;9939
7003;60295
7004;10227
7005;25037
7006;9654
7007;19836
7008;14255
7009;28203
7010;13824
7011;39447
7012;11453
7013;15016
7014;17834
7015;10652
7016;34217
7017;9481
7018;13582
7019;9666
7020;17024
7021;16203
7022;11013
7023;15568
7024;11232
7025;17268
7026;28521
7027;20956
7028;9989
7029;26793
7030;10647
7031;13403
7032;16603
7033;44830
7034;10439
7035;54220
7036;18255
7037;15378
7038;15725
7039;21412
7040;11089
7041;22086
7042;49296
7043;15965
7044;11723
7045;24774
7046;39890
7047;11200
7048;14962
7049;65971
7050;13266
7051;32064
7052;11725
7053;44891
7054;12369
7055;47431
7056;10668
7057;35109
7058;15390
7059;36305
7060;40228
7061;10861
7062;20670
7063;40037
7064;10762
7065;22466
7066;18815
7067;11178
7068;56321
7069;16328
7070;13733
7071;32002
7072;10372
7073;16394
7074;11834
7075;32758
7076;10705
7077;18969
7078;64256
7079;9411
7080;37481
7081;9639
7082;57616
7083;9592
7084;19132
7085;15542
7086;19958
7087;50966
7088;15173
7089;16569
7090;32801
7091;53215
7092;16965
7093;39690
7094;15652
7095;20600
7096;7346
7097;13590
7098;38207
7099;32764
7100;39549
7101;9639
7102;17872
7103;17647
7104;11615
7105;33914
7106;10147
7107;17425
7108;24084
7109;45664
7110;10171
7111;11484
7112;17069
7113;17944
7114;10578
7115;15723
7116;11204
7117;35786
7118;16396
7119;29965
7120;9418
7121;29928
7122;9764
7123;33866
7124;9933
7125;9936
7126;37917
7127;9816
7128;22582
7129;36602
7130;14395
7131;37992
7132;9633
7133;32186
7134;12320
7135;51751
7136;19182
7137;11679
7138;87194
7139;15491
7140;49951
7141;10275
7142;14676
7143;46310
7144;54674
7145;10536
7146;37164
7147;18657
7148;15703
7149;19039
7150;12150
7151;9647
7152;27435
7153;9806
7154;9817
7155;29299
7156;43695
7157;10131
7158;21134
7159;81257
7160;10559
7161;14307
7162;16493
7163;20694
7164;10503
7165;25271
7166;22619
7167;19633
7168;11427
7169;11942
7170;29187
7171;18252
7172;10755
7173;64799
7174;10117
7175;17163
7176;34804
7177;9804
7178;21617
7179;15460
7180;16544
7181;22715
7182;35707
7183;10595
7184;12572
7185;17273
7186;31925
7187;23385
7188;11658
7189;14664
7190;33515
7191;36654
7192;17140
7193;13842
7194;20854
7195;10198
7196;27174
7197;34341
7198;25240
7199;14061
7200;11172
7201;15709
7202;45411
7203;10620
7204;37619
7205;22944
7206;17443
7207;36416
7208;11105
7209;15847
7210;11922
7211;10957
7212;52984
7213;10511
7214;41890
7215;11498
7216;43254
7217;10718
7218;13467
7219;21964
7220;10512
7221;35478
7222;17775
7223;16353
7224;16598
7225;12388
7226;12748
7227;53813
7228;46748
7229;10409
7230;15582
7231;40109
7232;10417
7233;21862
7234;21484
7235;12090
7236;15404
7237;19500
7238;46032
7239;10162
7240;15242
7241;19839
7242;27031
7243;9950
7244;24661
7245;9837
7246;27951
7247;10295
7248;16868
7249;10662
7250;56983
7251;19175
7252;15426
7253;15391
7254;15908
7255;10137
7256;17985
7257;9555
7258;41270
7259;9832
7260;21820
7261;12085
7262;11464
7263;15047
7264;24339
7265;9361
7266;56218
7267;16780
7268;14898
7269;38146
7270;16336
7271;18129
7272;24951
7273;14328
7274;28488
7275;16554
7276;16742
7277;10776
7278;51635
7279;11192
7280;15259
7281;11538
7282;10415
7283;29539
7284;24051
7285;11671
7286;38925
7287;14123
7288;16546
7289;37383
7290;10342
7291;17847
7292;18261
7293;11134
7294;25868
7295;15592
7296;11800
7297;18731
7298;31249
7299;14638
7300;15247
7301;15217
7302;17426
7303;46432
7304;17359
7305;29169
7306;9776
7307;20826
7308;36221
7309;11767
7310;56566
7311;20462
7312;13586
7313;38002
7314;10488
7315;16637
7316;21966
7317;11333
7318;40654
7319;9264
7320;25905
7321;31380
7322;14931
7323;41955
7324;10653
7325;29895
7326;11862
7327;14072
7328;24000
7329;31575
7330;52854
7331;10352
7332;27107
7333;11082
7334;11573
7335;36458
7336;10581
7337;32943
7338;15952
7339;21644
7340;11695
7341;74982
7342;10276
7343;13355
7344;11392
7345;20932
7346;10503
7347;23899
7348;50318
7349;10326
7350;19324
7351;15435
7352;23625
7353;15509
7354;37673
7355;28363
7356;14059
7357;19542
7358;11644
7359;28203
7360;14662
7361;12742
7362;56193
7363;33627
7364;10254
7365;29104
7366;16710
7367;9854
7368;23487
7369;10346
7370;50347
7371;11410
7372;16524
7373;27457
7374;14094
7375;17424
7376;16496
7377;34238
7378;17862
7379;19470
7380;23021
7381;37123
7382;10122
7383;76266
7384;14504
7385;12588
7386;16071
7387;19333
7388;11409
7389;28192
7390;15029
7391;20021
7392;40025
7393;18701
7394;38103
7395;11073
7396;40640
7397;10676
7398;22527
7399;11013
7400;15022
7401;18585
7402;10815
7403;63530
7404;9971
7405;20742
7406;16618
7407;31732
7408;10444
7409;62474
7410;10064
7411;34075
7412;38801
7413;10723
7414;31350
7415;10877
7416;25836
7417;10451
7418;37182
7419;11560
7420;11437
7421;18180
7422;15998
7423;22019
7424;40223
7425;10387
7426;33566
7427;37026
7428;30496
7429;36073
7430;9726
7431;28865
7432;10899
7433;38180
7434;23077
7435;36785
7436;10887
7437;19057
7438;12514
7439;29646
7440;13882
7441;19099
7442;16643
7443;41312
7444;10385
7445;13872
7446;13860
7447;27337
7448;21990
7449;15508
7450;36701
7451;12388
7452;13999
7453;36700
7454;13617
7455;42458
7456;10490
7457;11332
7458;22410
7459;11308
7460;16130
7461;24290
7462;40293
7463;14487
7464;34667
7465;20871
7466;13537
7467;32418
7468;10084
7469;34672
7470;10074
7471;46534
7472;15931
7473;16858
7474;67278
7475;10555
7476;21805
7477;10445
7478;71955
7479;10427
7480;26031
7481;41159
7482;10865
7483;19067
7484;35175
7485;40040
7486;11184
7487;13606
7488;56573
7489;13312
7490;26822
7491;37463
7492;10500
7493;16111
7494;36132
7495;11365
7496;16004
7497;34569
7498;32048
7499;17162
7500;11912
7501;26411
7502;18628
7503;11846
7504;66158
7505;10932
7506;25147
7507;12011
7508;12084
7509;12473
7510;25088
7511;12387
7512;21752
7513;11517
7514;32267
7515;15327
7516;16208
7517;10221
7518;19228
7519;10242
7520;22201
7521;10687
7522;44353
7523;38259
7524;10802
7525;13895
7526;17031
7527;10079
7528;25146
7529;10170
7530;41473
7531;9949
7532;30253
7533;10723
7534;9949
7535;42645
7536;19115
7537;11231
7538;15687
7539;40835
7540;10325
7541;40000
7542;19023
7543;30344
7544;10846
7545;15602
7546;38842
7547;30684
7548;10762
7549;16937
7550;11709
7551;10289
7552;22755
7553;11017
7554;47357
7555;25585
7556;11080
7557;22218
7558;16892
7559;22019
7560;12453
7561;14557
7562;21726
7563;10442
7564;21388
7565;15080
7566;11898
7567;43540
7568;30526
7569;10712
7570;16764
7571;20387
7572;10664
7573;20894
7574;13401
7575;15828
7576;9623
7577;14985
7578;10577
7579;21200
7580;11376
7581;28174
7582;11757
7583;27950
7584;10377
7585;21117
7586;15990
7587;10815
7588;11483
7589;20158
7590;14823
7591;19165
7592;18665
7593;38376
7594;10974
7595;21605
7596;59790
7597;10234
7598;29593
7599;46048
7600;11987
7601;18786
7602;38349
7603;10282
7604;18899
7605;18664
7606;10071
7607;52390
7608;10195
7609;14643
7610;14119
7611;16331
7612;10023
7613;53662
7614;10197
7615;17772
7616;15962
7617;14279
7618;21089
7619;32658
7620;21573
7621;29224
7622;10850
7623;25230
7624;10570
7625;11265
7626;17180
7627;20903
7628;10829
7629;20733
7630;9760
7631;57046
7632;12249
7633;17022
7634;10124
7635;17641
7636;12031
7637;19606
7638;37791
7639;19886
7640;10891
7641;24475
7642;10453
7643;17675
7644;37267
7645;29729
7646;16558
7647;10271
7648;13858
7649;36429
7650;10479
7651;23764
7652;10509
7653;47572
7654;25203
7655;19895
7656;11634
7657;18467
7658;20823
7659;32492
7660;11080
7661;10328
7662;36593
7663;15081
7664;33302
7665;10567
7666;26788
7667;10579
7668;27547
7669;10826
7670;38205
7671;10831
7672;21568
7673;10466
7674;14768
7675;46716
7676;14071
7677;15722
7678;35591
7679;10745
7680;18596
7681;45489
7682;11240
7683;11016
7684;23841
7685;9684
7686;15540
7687;17600
7688;20421
7689;10985
7690;35318
7691;10118
7692;45424
7693;10422
7694;22762
7695;10786
7696;23033
7697;10590
7698;17245
7699;20589
7700;10823
7701;19419
7702;16306
7703;14540
7704;44533
7705;35204
7706;13762
7707;35286
7708;11249
7709;20201
7710;14214
7711;20228
7712;26480
7713;24863
7714;12158
7715;11047
7716;15708
7717;9783
7718;47699
7719;33297
7720;10896
7721;18416
7722;11879
7723;23704
7724;35270
7725;28449
7726;15837
7727;14178
7728;18148
7729;10114
7730;18564
7731;10851
7732;15408
7733;23799
7734;27286
7735;27437
7736;34819
7737;10632
7738;16251
7739;27821
7740;29443
7741;18338
7742;9887
7743;21416
7744;11958
7745;48397
7746;11416
7747;16150
7748;35668
7749;10994
7750;18113
7751;36881
7752;29991
7753;39968
7754;12462
7755;13829
7756;15316
7757;28876
7758;9867
7759;50023
7760;28197
7761;11115
7762;23238
7763;15847
7764;24494
7765;11058
7766;45085
7767;10261
7768;16163
7769;33283
7770;10960
7771;33952
7772;14685
7773;25295
7774;9852
7775;18643
7776;11963
7777;26469
7778;17052
7779;29073
7780;15971
7781;21992
7782;10889
7783;37400
7784;10415
7785;24815
7786;18896
7787;34080
7788;13928
7789;44441
7790;12711
7791;21195
7792;22102
7793;21625
7794;10408
7795;29754
7796;36987
7797;36018
7798;39457
7799;10632
7800;24524
7801;20704
7802;21028
7803;15633
7804;23404
7805;10927
7806;22384
7807;26056
7808;10412
7809;25726
7810;10534
7811;12459
7812;24382
7813;10382
7814;13686
7815;29166
7816;14230
7817;18823
7818;15502
7819;13027
7820;15171
7821;11152
7822;20599
7823;10944
7824;11466
7825;14241
7826;14693
7827;12590
7828;19805
7829;10261
7830;42186
7831;10614
7832;23861
7833;12213
7834;11837
7835;39193
7836;11147
7837;18192
7838;42852
7839;11439
7840;29128
7841;11200
7842;10491
7843;24409
7844;43000
7845;10313
7846;27771
7847;32843
7848;11674
7849;14623
7850;42324
7851;12377
7852;27630
7853;37208
7854;10354
7855;19471
7856;35222
7857;29800
7858;17465
7859;10808
7860;24504
7861;15349
7862;12157
7863;16304
7864;17052
7865;23548
7866;10942
7867;14546
7868;62856
7869;11167
7870;19842
7871;28702
7872;14363
7873;35869
7874;31233
7875;16627
7876;12201
7877;17544
7878;36411
7879;10496
7880;34947
7881;33415
7882;10890
7883;27515
7884;11369
7885;21462
7886;10956
7887;46045
7888;10722
7889;23559
7890;15123
7891;15931
7892;15611
7893;15431
7894;34429
7895;21196
7896;16862
7897;36151
7898;10288
7899;18824
7900;37895
7901;10627
7902;21663
7903;17776
7904;15142
7905;36772
7906;11384
7907;24180
7908;15503
7909;42745
7910;11927
7911;27173
7912;16035
7913;30164
7914;28616
7915;10701
7916;23479
7917;10602
7918;27821
7919;10953
7920;59252
7921;11116
7922;14805
7923;31367
7924;11282
7925;34201
7926;11032
7927;11093
7928;35950
7929;10760
7930;18360
7931;12496
7932;49988
7933;10472
7934;15257
7935;38232
7936;11144
7937;17034
7938;16826
7939;36153
7940;11235
7941;23465
7942;10377
7943;16043
7944;14579
7945;60982
7946;10862
7947;22150
7948;11005
7949;22270
7950;11192
7951;21033
7952;27127
7953;26681
7954;12513
7955;20821
7956;17959
7957;10865
7958;14575
7959;17373
7960;40555
7961;11174
7962;20328
7963;16575
7964;32914
7965;12102
7966;15757
7967;55456
7968;12273
7969;14386
7970;11691
7971;17300
7972;17827
7973;18532
7974;11215
7975;24597
7976;30820
7977;17578
7978;14933
7979;11665
7980;16810
7981;52828
7982;25154
7983;11684
7984;24834
7985;11062
7986;21195
7987;19266
7988;36597
7989;18264
7990;11637
7991;34657
7992;12000
7993;13242
7994;34577
7995;11985
7996;49025
7997;11434
7998;40342
7999;13222
8000;20846
8001;40314
8002;11380
8003;23994
8004;24249
8005;23018
8006;11215
8007;14032
8008;37566
8009;11976
8010;39032
8011;24180
8012;11490
8013;42934
8014;15630
8015;29586
8016;10734
8017;15222
8018;23334
8019;49858
8020;11993
8021;24183
8022;15320
8023;21651
8024;20742
8025;20378
8026;17200
8027;11762
8028;35181
8029;12205
8030;14979
8031;22156
8032;13496
8033;11979
8034;33611
8035;38214
8036;11834
8037;32616
8038;38801
8039;22990
8040;20207
8041;11706
8042;16066
8043;20753
8044;16707
8045;23782
8046;11119
8047;37750
8048;13867
8049;20405
8050;23622
8051;15152
8052;33494
8053;15455
8054;10927
8055;25853
8056;10976
8057;14177
8058;11016
8059;19408
8060;28176
8061;11441
8062;21408
8063;11714
8064;11908
8065;52034
8066;10946
8067;23946
8068;10177
8069;21101
8070;14692
8071;37558
8072;11810
8073;35321
8074;11232
8075;19206
8076;10887
8077;25063
8078;19377
8079;32020
8080;11223
8081;15888
8082;22959
8083;23372
8084;31514
8085;16788
8086;45175
8087;11869
8088;26054
8089;22403
8090;17782
8091;11052
8092;12789
8093;11345
8094;38650
8095;10792
8096;20468
8097;36872
8098;12041
8099;22581
8100;20775
8101;24753
8102;11709
8103;17468
8104;42588
8105;11582
8106;35021
8107;11072
8108;16431
8109;16873
8110;24412
8111;15174
8112;27351
8113;18131
8114;11133
8115;13797
8116;16770
8117;10748
8118;20075
8119;10863
8120;14457
8121;18202
8122;34068
8123;10282
8124;32271
8125;20505
8126;11738
8127;19822
8128;20041
8129;29721
8130;10665
8131;27289
8132;30015
8133;17762
8134;29038
8135;11398
8136;31149
8137;11909
8138;27248
8139;10541
8140;38560
8141;38279
8142;10468
8143;22679
8144;10722
8145;24544
8146;28222
8147;16841
8148;23754
8149;20108
8150;16665
8151;22678
8152;17136
8153;16123
8154;28249
8155;11673
8156;34698
8157;29036
8158;39509
8159;54415
8160;32982
8161;12249
8162;12177
8163;75026
8164;35968
8165;11640
8166;10856
8167;26223
8168;11535
8169;22018
8170;38284
8171;51029
8172;36760
8173;15933
8174;17137
8175;41705
8176;10833
8177;47708
8178;11262
8179;47869
8180;12153
8181;10929
8182;32773
8183;10998
8184;43073
8185;43895
8186;14372
8187;24871
8188;11644
8189;23977
8190;11074
8191;21219
8192;11439
8193;13267
8194;20758
8195;66336
8196;11201
8197;26935
8198;11247
8199;60015
8200;27478
8201;11391
8202;20208
8203;38543
8204;11901
8205;15816
8206;50246
8207;11104
8208;20133
8209;38802
8210;13122
8211;12142
8212;28937
8213;12756
8214;20798
8215;17532
8216;33201
8217;10594
8218;30108
8219;31694
8220;23932
8221;24898
8222;35759
8223;11934
8224;32416
8225;11356
8226;21530
8227;57819
8228;15827
8229;45672
8230;14223
8231;33572
8232;24367
8233;24190
8234;11469
8235;29750
8236;12030
8237;15120
8238;51525
8239;14683
8240;14069
8241;17954
8242;15762
8243;20198
8244;32561
8245;94770
8246;34489
8247;49084
8248;13561
8249;32534
8250;47702
8251;57989
8252;35185
8253;62553
8254;36265
8255;13349
8256;29056
8257;11314
8258;16146
8259;39248
8260;10374
8261;19807
8262;49814
8263;26928
8264;59656
8265;10862
8266;22310
8267;11215
8268;25379
8269;11445
8270;23664
8271;26652
8272;38791
8273;11807
8274;28426
8275;20947
8276;20928
8277;66633
8278;10982
8279;20199
8280;17806
8281;22511
8282;26723
8283;23231
8284;23784
8285;11549
8286;12081
8287;30321
8288;39624
8289;30806
8290;24124
8291;37527
8292;11727
8293;16491
8294;37417
8295;24981
8296;19100
8297;10739
8298;24795
8299;17799
8300;35143
8301;19283
8302;38952
8303;11994
8304;18257
8305;22321
8306;15101
8307;11116
8308;54443
8309;20483
8310;19590
8311;14409
8312;51149
8313;18957
8314;12133
8315;33462
8316;13984
8317;22483
8318;40059
8319;10832
8320;27526
8321;14406
8322;12238
8323;60142
8324;12241
8325;21196
8326;18304
8327;19784
8328;59375
8329;16216
8330;27284
8331;11564
8332;29094
8333;11624
8334;14582
8335;20767
8336;15463
8337;27320
8338;11125
8339;17015
8340;11926
8341;17816
8342;83452
8343;24489
8344;56692
8345;44808
8346;11980
8347;54661
8348;11669
8349;31129
8350;11751
8351;16231
8352;36072
8353;11135
8354;53306
8355;19397
8356;15537
8357;78937
8358;23850
8359;26711
8360;65802
8361;11518
8362;22225
8363;23970
8364;35448
8365;38249
8366;14065
8367;25846
8368;40496
8369;12864
8370;35480
8371;11268
8372;15573
8373;35593
8374;14741
8375;11747
8376;20129
8377;33667
8378;11302
8379;24123
8380;22843
8381;44463
8382;15621
8383;27554
8384;11275
8385;21699
8386;10816
8387;56471
8388;34272
8389;12177
8390;19716
8391;13082
8392;17105
8393;16237
8394;48199
8395;11245
8396;36652
8397;11328
8398;16792
8399;13791
8400;15871
8401;29285
8402;14834
8403;13855
8404;26693
8405;32379
8406;11382
8407;14400
8408;61997
8409;11711
8410;31739
8411;32085
8412;27866
8413;11082
8414;16676
8415;35647
8416;11725
8417;33608
8418;11499
8419;31663
8420;12237
8421;12793
8422;33710
8423;40975
8424;11779
8425;39813
8426;15632
8427;47689
8428;24668
8429;13868
8430;25798
8431;11357
8432;57221
8433;12253
8434;26627
8435;27194
8436;32043
8437;11638
8438;42408
8439;71199
8440;14508
8441;14375
8442;24327
8443;16987
8444;43880
8445;15947
8446;13313
8447;32404
8448;38864
8449;11539
8450;26876
8451;20581
8452;28831
8453;42004
8454;10810
8455;29797
8456;32137
8457;11570
8458;11401
8459;58070
8460;22682
8461;39364
8462;11343
8463;20141
8464;11748
8465;16260
8466;38655
8467;12695
8468;19534
8469;34619
8470;20915
8471;24610
8472;39234
8473;11076
8474;37465
8475;20206
8476;17859
8477;44193
8478;11559
8479;25666
8480;26367
8481;18128
8482;15112
8483;14394
8484;37445
8485;11761
8486;18686
8487;43596
8488;14083
8489;12462
8490;47783
8491;11412
8492;26097
8493;10923
8494;16956
8495;17145
8496;28300
8497;11475
8498;29179
8499;13317
8500;46620
8501;11820
8502;16464
8503;22658
8504;13625
8505;53163
8506;16293
8507;87203
8508;14694
8509;52434
8510;27288
8511;61563
8512;15184
8513;36186
8514;11567
8515;27088
8516;38916
8517;11807
8518;35877
8519;11366
8520;14859
8521;19943
8522;48312
8523;13847
8524;35995
8525;12522
8526;29880
8527;36436
8528;12432
8529;32782
8530;38338
8531;13414
8532;16851
8533;62925
8534;21423
8535;11478
8536;20873
8537;14901
8538;49473
8539;31178
8540;10914
8541;21696
8542;21074
8543;23762
8544;13196
8545;19493
8546;19129
8547;11315
8548;47770
8549;10754
8550;21421
8551;11543
8552;22123
8553;17288
8554;34032
8555;54344
8556;12247
8557;13211
8558;17639
8559;23192
8560;28141
8561;11029
8562;36777
8563;25903
8564;13905
8565;20231
8566;21332
8567;12010
8568;11470
8569;33728
8570;57106
8571;13726
8572;12572
8573;16218
8574;18856
8575;19161
8576;27455
8577;10658
8578;15776
8579;13697
8580;25021
8581;67553
8582;12616
8583;15166
8584;23431
8585;11621
8586;19801
8587;17661
8588;11419
8589;21831
8590;11555
8591;37224
8592;16705
8593;16090
8594;17206
8595;23280
8596;10902
8597;14226
8598;60779
8599;15341
8600;13917
8601;19006
8602;51312
8603;11615
8604;12051
8605;25163
8606;52811
8607;11818
8608;15056
8609;24496
8610;12369
8611;17181
8612;29428
8613;26263
8614;11734
8615;12584
8616;22894
8617;35242
8618;13481
8619;20479
8620;21310
8621;12075
8622;20901
8623;11688
8624;39965
8625;53782
8626;46398
8627;15277
8628;19534
8629;52406
8630;65331
8631;16825
8632;16799
8633;40379
8634;13691
8635;16277
8636;24216
8637;24243
8638;19577
8639;40600
8640;30636
8641;50533
8642;44980
8643;11439
8644;49489
8645;18591
8646;26355
8647;22631
8648;33525
8649;13906
8650;24247
8651;15525
8652;58822
8653;11833
8654;26202
8655;19110
8656;21680
8657;27695
8658;11751
8659;12975
8660;25028
8661;22946
8662;17106
8663;17674
8664;15951
8665;101239
8666;16695
8667;18754
8668;11670
8669;20471
8670;56306
8671;26690
8672;12557
8673;20733
8674;37189
8675;12594
8676;16661
8677;17243
8678;19249
8679;33682
8680;11622
8681;25913
8682;12253
8683;33885
8684;28093
8685;11676
8686;20886
8687;23222
8688;44740
8689;11875
8690;31403
8691;12311
8692;32274
8693;55110
8694;11516
8695;17840
8696;12783
8697;21853
8698;12126
8699;40529
8700;14555
8701;16988
8702;11723
8703;23226
8704;12352
8705;38017
8706;19627
8707;17651
8708;22624
8709;38640
8710;13592
8711;21128
8712;50195
8713;11169
8714;31953
8715;11436
8716;26467
8717;11620
8718;34756
8719;62574
8720;11413
8721;22254
8722;12204
8723;47826
8724;19451
8725;14461
8726;36686
8727;40591
8728;38678
8729;11173
8730;19085
8731;18193
8732;42759
8733;11489
8734;26287
8735;36005
8736;25981
8737;11490
8738;31819
8739;12053
8740;45362
8741;86047
8742;14378
8743;15558
8744;39663
8745;12303
8746;33050
8747;30669
8748;11417
8749;25055
8750;69738
8751;33796
8752;39038
8753;38240
8754;12047
8755;34291
8756;37010
8757;13920
8758;16054
8759;36686
8760;14337
8761;12841
8762;26226
8763;21626
8764;56886
8765;42044
8766;11563
8767;24150
8768;53763
8769;17177
8770;12963
8771;40030
8772;11374
8773;54200
8774;64893
8775;11916
8776;26381
8777;11332
8778;52920
8779;34826
8780;15059
8781;14723
8782;38866
8783;13478
8784;16248
8785;15388
8786;24635
8787;11365
8788;35091
8789;40223
8790;14192
8791;19500
8792;36169
8793;14045
8794;11884
8795;77746
8796;15120
8797;55745
8798;12587
8799;26982
8800;11803
8801;35472
8802;45161
8803;17171
8804;16259
8805;21099
8806;19379
8807;23116
8808;32313
8809;24246
8810;29455
8811;15682
8812;11596
8813;17724
8814;36148
8815;15057
8816;19305
8817;36873
8818;38024
8819;11840
8820;14429
8821;15199
8822;37239
8823;39906
8824;11744
8825;30833
8826;21003
8827;13727
8828;24767
8829;11665
8830;16342
8831;14137
8832;23995
8833;29872
8834;11224
8835;16204
8836;18066
8837;29346
8838;24010
8839;12964
8840;15445
8841;15859
8842;15662
8843;34729
8844;76945
8845;11518
8846;30567
8847;14879
8848;16151
8849;28418
8850;28453
8851;38854
8852;12199
8853;23005
8854;36874
8855;13903
8856;39247
8857;39343
8858;14006
8859;14135
8860;14176
8861;18271
8862;12339
8863;17331
8864;48560
8865;43904
8866;12275
8867;13494
8868;34809
8869;11548
8870;51399
8871;14141
8872;12711
8873;17239
8874;33166
8875;15544
8876;19587
8877;12126
8878;30838
8879;38443
8880;14927
8881;24226
8882;19142
8883;12106
8884;24078
8885;12309
8886;52175
8887;11921
8888;19464
8889;19671
8890;16610
8891;15041
8892;18851
8893;16612
8894;15919
8895;13263
8896;23487
8897;27207
8898;26567
8899;16394
8900;22456
8901;11148
8902;24902
8903;12145
8904;22230
8905;16327
8906;17189
8907;24056
8908;13705
8909;17612
8910;27232
8911;20854
8912;12338
8913;19323
8914;28175
8915;36242
8916;12001
8917;41635
8918;17317
8919;16559
8920;24936
8921;38124
8922;12212
8923;43906
8924;22201
8925;11686
8926;28763
8927;12079
8928;17519
8929;65296
8930;11991
8931;19269
8932;45150
8933;16621
8934;16457
8935;21362
8936;38217
8937;31640
8938;36441
8939;34636
8940;25502
8941;36028
8942;13733
8943;30460
8944;12484
8945;22414
8946;52370
8947;14479
8948;12151
8949;37002
8950;21698
8951;29436
8952;11691
8953;24924
8954;20674
8955;13400
8956;35618
8957;36989
8958;59292
8959;12199
8960;19387
8961;17851
8962;15432
8963;16650
8964;14799
8965;32631
8966;37859
8967;14242
8968;15808
8969;54487
8970;15032
8971;28962
8972;11747
8973;22604
8974;11761
8975;21248
8976;65282
8977;15919
8978;42866
8979;34866
8980;20175
8981;27643
8982;11841
8983;31035
8984;69617
8985;14414
8986;25667
8987;46702
8988;27383
8989;12508
8990;69646
8991;19522
8992;59549
8993;23931
8994;11998
8995;53309
8996;43635
8997;32108
8998;12975
8999;30336
9000;12165
9001;19736
9002;12228
9003;26330
9004;28575
9005;11890
9006;53325
9007;74311
9008;12743
9009;14355
9010;20569
9011;16130
9012;36803
9013;32174
9014;14265
9015;16726
9016;39527
9017;12717
9018;15592
9019;21154
9020;45874
9021;53491
9022;14797
9023;17274
9024;16533
9025;62620
9026;19218
9027;13206
9028;22768
9029;38264
9030;27991
9031;13027
9032;26842
9033;45528
9034;15333
9035;42738
9036;71175
9037;11922
9038;15848
9039;20273
9040;38863
9041;27722
9042;14857
9043;26278
9044;20743
9045;25989
9046;55463
9047;14111
9048;65460
9049;13992
9050;18298
9051;20097
9052;21871
9053;14462
9054;66568
